"""",新,北,投,溫,泉,區,"""","""",臺,北,市, , ,北,投,區,中,山,路,、,光,明,路,沿,線,"""","""",1,2,1,.,5,0,8,4,4,7,"""","""",2,5,.,1,3,7,0,7,7,"""","""",h,t,t,p,s,:,/,/,w,w,w,.,t,r,a,v,e,l,.,t,a,i,p,e,i,/,d,_,u,p,l,o,a,d,_,t,t,n,/,s,c,e,n,e,a,d,m,i,n,/,p,i,c,/,1,1,0,0,0,8,4,8,.,j,p,g,h,t,t,p,s,:,/,/,w,w,w,.,t,r,a,v,e,l,.,t,a,i,p,e,i,/,d,_,u,p,l,o,a,d,_,t,t,n,/,s,c,e,n,e,a,d,m,i,n,/,p,i,c,/,1,1,0,0,2,8,9,1,.,j,p,g,h,t,t,p,s,:,/,/,w,w,w,.,t,r,a,v,e,l,.,t,a,i,p,e,i,/,d,_,u,p,l,o,a,d,_,t,t,n,/,s,c,e,n,e,a,d,m,i,n,/,i,m,a,g,e,/,A,0,/,B,0,/,C,0,/,D,3,1,5,/,E,7,0,/,F,6,5,/,1,e,0,9,5,1,f,b,-,0,6,9,f,-,4,b,1,3,-,b,5,c,a,-,2,d,0,9,d,f,1,d,3,d,9,0,.,J,P,G,h,t,t,p,s,:,/,/,w,w,w,.,t,r,a,v,e,l,.,t,a,i,p,e,i,/,d,_,u,p,l,o,a,d,_,t,t,n,/,s,c,e,n,e,a,d,m,i,n,/,i,m,a,g,e,/,A,0,/,B,0,/,C,0,/,D,2,6,0,/,E,5,3,8,/,F,2,7,4,/,e,7,d,4,8,2,b,a,-,e,3,c,0,-,4,0,c,3,-,8,7,e,f,-,3,f,2,a,1,c,9,3,e,d,f,a,.,J,P,G,h,t,t,p,s,:,/,/,w,w,w,.,t,r,a,v,e,l,.,t,a,i,p,e,i,/,d,_,u,p,l,o,a,d,_,t,t,n,/,s,c,e,n,e,a,d,m,i,n,/,i,m,a,g,e,/,A,0,/,B,0,/,C,0,/,D,9,1,9,/,E,7,6,7,/,F,5,8,1,/,9,d,d,d,e,7,0,e,-,5,5,c,2,-,4,c,f,0,-,b,d,3,d,-,7,a,8,4,5,0,5,8,2,e,5,5,.,j,p,g,h,t,t,p,s,:,/,/,w,w,w,.,t,r,a,v,e,l,.,t,a,i,p,e,i,/,d,_,u,p,l,o,a,d,_,t,t,n,/,s,c,e,n,e,a,d,m,i,n,/,i,m,a,g,e,/,A,0,/,B,0,/,C,1,/,D,2,8,/,E,8,9,1,/,F,1,8,8,/,7,7,a,5,8,8,9,0,-,7,7,1,1,-,4,c,a,2,-,a,e,b,e,-,4,a,a,3,7,9,7,2,6,5,7,5,.,J,P,G,""""
"""",大,稻,埕,碼,頭,"""","""",臺,北,市, , ,大,同,區,環,河,北,路,一,段,"""","""",1,2,1,.,5,0,8,2,7,4,"""","""",2,5,.,0,5,6,8,4,7,"""","""",h,t,t,p,s,:,/,/,w,w,w,.,t,r,a,v,e,l,.,t,a,i,p,e,i,/,d,_,u,p,l,o,a,d,_,t,t,n,/,s,c,e,n,e,a,d,m,i,n,/,p,i,c,/,1,1,0,0,0,3,4,0,.,j,p,g,h,t,t,p,s,:,/,/,w,w,w,.,t,r,a,v,e,l,.,t,a,i,p,e,i,/,d,_,u,p,l,o,a,d,_,t,t,n,/,s,c,e,n,e,a,d,m,i,n,/,i,m,a,g,e,/,A,0,/,B,0,/,C,0,/,D,9,0,6,/,E,6,/,F,1,8,6,/,8,0,9,f,3,0,d,b,-,7,0,7,9,-,4,2,1,f,-,a,6,2,5,-,7,b,a,a,8,e,c,2,1,8,7,4,.,J,P,G,h,t,t,p,s,:,/,/,w,w,w,.,t,r,a,v,e,l,.,t,a,i,p,e,i,/,d,_,u,p,l,o,a,d,_,t,t,n,/,s,c,e,n,e,a,d,m,i,n,/,p,i,c,/,1,1,0,0,0,3,4,1,.,j,p,g,h,t,t,p,s,:,/,/,w,w,w,.,t,r,a,v,e,l,.,t,a,i,p,e,i,/,d,_,u,p,l,o,a,d,_,t,t,n,/,s,c,e,n,e,a,d,m,i,n,/,i,m,a,g,e,/,A,0,/,B,0,/,C,0,/,D,8,7,8,/,E,4,2,0,/,F,1,7,3,/,0,4,7,6,5,7,3,9,-,d,4,0,f,-,4,d,1,3,-,b,2,7,1,-,8,d,5,f,9,e,5,f,4,4,b,d,.,J,P,G,h,t,t,p,s,:,/,/,w,w,w,.,t,r,a,v,e,l,.,t,a,i,p,e,i,/,d,_,u,p,l,o,a,d,_,t,t,n,/,s,c,e,n,e,a,d,m,i,n,/,p,i,c,/,1,1,0,0,0,3,4,2,.,j,p,g,h,t,t,p,s,:,/,/,w,w,w,.,t,r,a,v,e,l,.,t,a,i,p,e,i,/,d,_,u,p,l,o,a,d,_,t,t,n,/,s,c,e,n,e,a,d,m,i,n,/,i,m,a,g,e,/,A,0,/,B,0,/,C,0,/,D,2,0,/,E,9,8,3,/,F,1,9,9,/,8,6,6,b,5,0,5,9,-,8,f,d,7,-,4,7,1,9,-,9,6,4,c,-,5,1,d,2,f,7,8,6,7,5,d,5,.,j,p,g,h,t,t,p,s,:,/,/,w,w,w,.,t,r,a,v,e,l,.,t,a,i,p,e,i,/,d,_,u,p,l,o,a,d,_,t,t,n,/,s,c,e,n,e,a,d,m,i,n,/,i,m,a,g,e,/,A,0,/,B,0,/,C,0,/,D,5,4,6,/,E,5,3,8,/,F,3,5,3,/,e,d,2,4,6,4,d,1,-,b,c,2,8,-,4,7,9,0,-,9,6,c,d,-,5,2,1,6,d,b,2,c,1,4,f,5,.,J,P,G,h,t,t,p,s,:,/,/,w,w,w,.,t,r,a,v,e,l,.,t,a,i,p,e,i,/,d,_,u,p,l,o,a,d,_,t,t,n,/,s,c,e,n,e,a,d,m,i,n,/,i,m,a,g,e,/,A,0,/,B,0,/,C,1,/,D,8,1,4,/,E,1,1,1,/,F,7,3,3,/,a,e,d,9,d,3,4,d,-,8,9,0,c,-,4,9,f,d,-,8,3,c,a,-,f,7,6,f,3,8,e,4,b,9,4,b,.,j,p,g,h,t,t,p,s,:,/,/,w,w,w,.,t,r,a,v,e,l,.,t,a,i,p,e,i,/,s,t,r,e,a,m,s,/,s,c,e,n,e,a,d,m,i,n,/,v,i,d,e,o,/,1,0,0,C,1,.,m,p,3,""""
"""",士,林,官,邸,"""","""",臺,北,市, , ,士,林,區,福,林,路,6,0,號,"""","""",1,2,1,.,5,3,0,8,4,9,"""","""",2,5,.,0,9,1,7,1,3,"""","""",h,t,t,p,s,:,/,/,w,w,w,.,t,r,a,v,e,l,.,t,a,i,p,e,i,/,d,_,u,p,l,o,a,d,_,t,t,n,/,s,c,e,n,e,a,d,m,i,n,/,i,m,a,g,e,/,A,0,/,B,0,/,C,0,/,D,7,/,E,1,5,0,/,F,7,1,9,/,7,1,e,b,4,b,5,6,-,f,7,7,1,-,4,3,b,c,-,8,5,6,c,-,2,f,b,2,6,5,a,5,c,c,6,e,.,j,p,g,h,t,t,p,s,:,/,/,w,w,w,.,t,r,a,v,e,l,.,t,a,i,p,e,i,/,d,_,u,p,l,o,a,d,_,t,t,n,/,s,c,e,n,e,a,d,m,i,n,/,i,m,a,g,e,/,A,0,/,B,0,/,C,0,/,D,7,/,E,6,9,1,/,F,3,9,1,/,d,b,1,e,b,a,1,7,-,f,9,3,7,-,4,6,6,a,-,a,3,b,e,-,f,2,e,f,3,5,c,8,8,9,7,1,.,J,P,G,h,t,t,p,s,:,/,/,w,w,w,.,t,r,a,v,e,l,.,t,a,i,p,e,i,/,d,_,u,p,l,o,a,d,_,t,t,n,/,s,c,e,n,e,a,d,m,i,n,/,i,m,a,g,e,/,A,0,/,B,0,/,C,0,/,D,2,2,/,E,4,5,/,F,4,4,2,/,a,5,f,6,1,2,b,7,-,4,3,c,3,-,4,0,3,c,-,a,3,2,6,-,c,e,a,8,0,f,b,6,1,b,e,c,.,j,p,g,h,t,t,p,s,:,/,/,w,w,w,.,t,r,a,v,e,l,.,t,a,i,p,e,i,/,d,_,u,p,l,o,a,d,_,t,t,n,/,s,c,e,n,e,a,d,m,i,n,/,p,i,c,/,1,1,0,0,0,7,8,2,.,j,p,g,h,t,t,p,s,:,/,/,w,w,w,.,t,r,a,v,e,l,.,t,a,i,p,e,i,/,d,_,u,p,l,o,a,d,_,t,t,n,/,s,c,e,n,e,a,d,m,i,n,/,p,i,c,/,1,1,0,0,0,7,8,3,.,j,p,g,h,t,t,p,s,:,/,/,w,w,w,.,t,r,a,v,e,l,.,t,a,i,p,e,i,/,d,_,u,p,l,o,a,d,_,t,t,n,/,s,c,e,n,e,a,d,m,i,n,/,p,i,c,/,1,1,0,0,0,7,8,4,.,j,p,g,h,t,t,p,s,:,/,/,w,w,w,.,t,r,a,v,e,l,.,t,a,i,p,e,i,/,s,t,r,e,a,m,s,/,s,c,e,n,e,r,y,_,f,i,l,e,_,a,u,d,i,o,/,c,2,0,.,m,p,3,""""
"""",國,立,故,宮,博,物,院,"""","""",臺,北,市, , ,士,林,區,至,善,路,二,段,2,2,1,號,"""","""",1,2,1,.,5,4,9,6,"""","""",2,5,.,1,0,1,3,"""","""",h,t,t,p,s,:,/,/,w,w,w,.,t,r,a,v,e,l,.,t,a,i,p,e,i,/,d,_,u,p,l,o,a,d,_,t,t,n,/,s,c,e,n,e,a,d,m,i,n,/,i,m,a,g,e,/,A,0,/,B,0,/,C,0,/,D,1,4,/,E,8,1,0,/,F,2,1,/,4,8,d,6,6,f,b,d,-,1,b,a,3,-,4,e,f,d,-,8,3,7,a,-,3,7,6,7,d,b,5,f,5,2,e,0,.,j,p,g,h,t,t,p,s,:,/,/,w,w,w,.,t,r,a,v,e,l,.,t,a,i,p,e,i,/,d,_,u,p,l,o,a,d,_,t,t,n,/,s,c,e,n,e,a,d,m,i,n,/,p,i,c,/,1,1,0,0,0,7,2,1,.,j,p,g,h,t,t,p,s,:,/,/,w,w,w,.,t,r,a,v,e,l,.,t,a,i,p,e,i,/,d,_,u,p,l,o,a,d,_,t,t,n,/,s,c,e,n,e,a,d,m,i,n,/,p,i,c,/,1,1,0,0,0,7,2,3,.,j,p,g,h,t,t,p,s,:,/,/,w,w,w,.,t,r,a,v,e,l,.,t,a,i,p,e,i,/,d,_,u,p,l,o,a,d,_,t,t,n,/,s,c,e,n,e,a,d,m,i,n,/,p,i,c,/,1,1,0,0,0,7,2,2,.,j,p,g,h,t,t,p,s,:,/,/,w,w,w,.,t,r,a,v,e,l,.,t,a,i,p,e,i,/,s,t,r,e,a,m,s,/,s,c,e,n,e,r,y,_,f,i,l,e,_,a,u,d,i,o,/,c,1,8,.,m,p,3,""""
"""",北,投,圖,書,館,"""","""",臺,北,市, , ,北,投,區,光,明,路,2,5,1,號,"""","""",1,2,1,.,5,0,6,3,4,3,"""","""",2,5,.,1,3,6,5,7,1,"""","""",h,t,t,p,s,:,/,/,w,w,w,.,t,r,a,v,e,l,.,t,a,i,p,e,i,/,d,_,u,p,l,o,a,d,_,t,t,n,/,s,c,e,n,e,a,d,m,i,n,/,i,m,a,g,e,/,A,0,/,B,0,/,C,1,/,D,8,7,8,/,E,7,2,6,/,F,3,0,4,/,2,d,6,e,8,b,5,0,-,7,6,c,e,-,4,b,7,e,-,a,7,9,5,-,0,3,5,7,c,d,6,f,2,b,3,e,.,j,p,g,h,t,t,p,s,:,/,/,w,w,w,.,t,r,a,v,e,l,.,t,a,i,p,e,i,/,d,_,u,p,l,o,a,d,_,t,t,n,/,s,c,e,n,e,a,d,m,i,n,/,i,m,a,g,e,/,A,0,/,B,0,/,C,0,/,D,9,7,5,/,E,0,/,F,4,1,3,/,b,7,c,2,5,4,7,2,-,0,2,a,3,-,4,a,0,2,-,a,c,5,7,-,8,d,3,f,6,e,8,c,e,3,1,b,.,j,p,g,h,t,t,p,s,:,/,/,w,w,w,.,t,r,a,v,e,l,.,t,a,i,p,e,i,/,d,_,u,p,l,o,a,d,_,t,t,n,/,s,c,e,n,e,a,d,m,i,n,/,i,m,a,g,e,/,A,0,/,B,0,/,C,0,/,D,1,0,2,/,E,7,8,6,/,F,6,5,7,/,5,6,1,3,d,a,5,9,-,e,c,c,d,-,4,f,6,e,-,a,3,6,e,-,5,7,a,5,8,5,9,e,6,9,a,6,.,j,p,g,h,t,t,p,s,:,/,/,w,w,w,.,t,r,a,v,e,l,.,t,a,i,p,e,i,/,d,_,u,p,l,o,a,d,_,t,t,n,/,s,c,e,n,e,a,d,m,i,n,/,i,m,a,g,e,/,A,0,/,B,0,/,C,0,/,D,3,0,8,/,E,1,3,8,/,F,6,4,5,/,8,9,d,e,2,8,2,7,-,1,5,4,f,-,4,e,e,f,-,b,4,e,4,-,6,2,5,7,6,9,6,d,7,5,e,3,.,j,p,g,h,t,t,p,s,:,/,/,w,w,w,.,t,r,a,v,e,l,.,t,a,i,p,e,i,/,d,_,u,p,l,o,a,d,_,t,t,n,/,s,c,e,n,e,a,d,m,i,n,/,i,m,a,g,e,/,A,0,/,B,0,/,C,1,/,D,2,3,6,/,E,2,3,5,/,F,9,2,/,a,c,3,0,2,e,a,d,-,7,e,8,b,-,4,6,0,d,-,9,b,5,b,-,4,7,a,d,6,c,4,9,9,a,2,b,.,j,p,g,h,t,t,p,s,:,/,/,w,w,w,.,t,r,a,v,e,l,.,t,a,i,p,e,i,/,d,_,u,p,l,o,a,d,_,t,t,n,/,s,c,e,n,e,a,d,m,i,n,/,i,m,a,g,e,/,A,0,/,B,0,/,C,1,/,D,3,0,0,/,E,6,5,0,/,F,6,1,2,/,7,7,a,5,d,1,8,b,-,4,0,8,e,-,4,0,1,4,-,9,b,1,b,-,1,3,9,2,2,1,d,1,9,c,7,5,.,j,p,g,h,t,t,p,s,:,/,/,w,w,w,.,t,r,a,v,e,l,.,t,a,i,p,e,i,/,d,_,u,p,l,o,a,d,_,t,t,n,/,s,c,e,n,e,a,d,m,i,n,/,i,m,a,g,e,/,A,0,/,B,0,/,C,2,/,D,1,2,6,/,E,6,3,8,/,F,4,7,5,/,e,a,2,0,0,2,1,7,-,f,e,4,c,-,4,7,8,a,-,b,a,6,9,-,f,a,4,d,8,e,2,1,e,a,4,e,.,j,p,g,h,t,t,p,s,:,/,/,w,w,w,.,t,r,a,v,e,l,.,t,a,i,p,e,i,/,d,_,u,p,l,o,a,d,_,t,t,n,/,s,c,e,n,e,a,d,m,i,n,/,i,m,a,g,e,/,A,0,/,B,0,/,C,1,/,D,1,4,/,E,7,7,9,/,F,3,0,3,/,0,e,6,6,2,a,4,f,-,e,0,6,7,-,4,4,5,8,-,8,0,5,d,-,0,1,8,b,3,5,e,7,1,9,0,b,.,j,p,g,h,t,t,p,s,:,/,/,w,w,w,.,t,r,a,v,e,l,.,t,a,i,p,e,i,/,d,_,u,p,l,o,a,d,_,t,t,n,/,s,c,e,n,e,a,d,m,i,n,/,i,m,a,g,e,/,A,0,/,B,0,/,C,0,/,D,5,7,5,/,E,4,4,6,/,F,9,1,0,/,e,6,d,d,8,8,1,c,-,d,4,8,2,-,4,3,4,9,-,a,6,0,3,-,f,6,3,8,f,7,9,f,a,9,b,c,.,j,p,g,h,t,t,p,s,:,/,/,w,w,w,.,t,r,a,v,e,l,.,t,a,i,p,e,i,/,d,_,u,p,l,o,a,d,_,t,t,n,/,s,c,e,n,e,a,d,m,i,n,/,i,m,a,g,e,/,A,0,/,B,0,/,C,0,/,D,7,0,/,E,3,5,5,/,F,7,2,7,/,a,4,3,a,9,3,d,b,-,8,f,8,9,-,4,a,4,c,-,b,c,c,7,-,e,4,8,4,8,0,8,3,b,f,8,b,.,j,p,g,h,t,t,p,s,:,/,/,w,w,w,.,t,r,a,v,e,l,.,t,a,i,p,e,i,/,d,_,u,p,l,o,a,d,_,t,t,n,/,s,c,e,n,e,a,d,m,i,n,/,i,m,a,g,e,/,A,0,/,B,0,/,C,1,/,D,6,0,0,/,E,4,/,F,2,7,8,/,8,2,1,c,3,b,4,9,-,a,b,9,5,-,4,8,2,8,-,b,f,c,4,-,4,0,e,4,3,6,6,1,1,3,9,9,.,j,p,g,h,t,t,p,s,:,/,/,w,w,w,.,t,r,a,v,e,l,.,t,a,i,p,e,i,/,d,_,u,p,l,o,a,d,_,t,t,n,/,s,c,e,n,e,a,d,m,i,n,/,i,m,a,g,e,/,A,0,/,B,0,/,C,0,/,D,7,7,6,/,E,3,0,5,/,F,2,0,8,/,1,4,f,1,e,4,4,1,-,8,3,9,c,-,4,d,7,3,-,b,5,2,4,-,e,2,5,e,0,7,5,e,5,f,7,a,.,j,p,g,h,t,t,p,s,:,/,/,w,w,w,.,t,r,a,v,e,l,.,t,a,i,p,e,i,/,d,_,u,p,l,o,a,d,_,t,t,n,/,s,c,e,n,e,a,d,m,i,n,/,i,m,a,g,e,/,A,0,/,B,0,/,C,1,/,D,6,8,/,E,8,8,3,/,F,3,6,8,/,f,f,3,4,f,4,3,8,-,0,a,5,d,-,4,8,4,0,-,9,8,2,9,-,b,a,6,a,4,7,d,9,b,c,2,f,.,j,p,g,h,t,t,p,s,:,/,/,w,w,w,.,t,r,a,v,e,l,.,t,a,i,p,e,i,/,s,t,r,e,a,m,s,/,s,c,e,n,e,r,y,_,f,i,l,e,_,a,u,d,i,o,/,c,1,6,.,m,p,3,""""
"""",陽,明,山,溫,泉,區,"""","""",臺,北,市, , ,北,投,區,竹,子,湖,路,1,之,2,0,號,"""","""",1,2,1,.,5,4,7,7,4,2,"""","""",2,5,.,1,5,5,7,9,"""","""",h,t,t,p,s,:,/,/,w,w,w,.,t,r,a,v,e,l,.,t,a,i,p,e,i,/,d,_,u,p,l,o,a,d,_,t,t,n,/,s,c,e,n,e,a,d,m,i,n,/,p,i,c,/,1,1,0,0,0,9,8,5,.,j,p,g,h,t,t,p,s,:,/,/,w,w,w,.,t,r,a,v,e,l,.,t,a,i,p,e,i,/,d,_,u,p,l,o,a,d,_,t,t,n,/,s,c,e,n,e,a,d,m,i,n,/,p,i,c,/,1,1,0,0,0,9,8,7,.,j,p,g,""""
"""",關,渡,、,金,色,水,岸,、,八,里,左,岸,自,行,車,道,"""","""",臺,北,市, , ,北,投,區,關,渡,"""","""",1,2,1,.,4,6,5,2,5,5,"""","""",2,5,.,1,2,4,9,0,4,"""","""",h,t,t,p,s,:,/,/,w,w,w,.,t,r,a,v,e,l,.,t,a,i,p,e,i,/,d,_,u,p,l,o,a,d,_,t,t,n,/,s,c,e,n,e,a,d,m,i,n,/,p,i,c,/,1,1,0,0,0,9,7,9,.,j,p,g,h,t,t,p,s,:,/,/,w,w,w,.,t,r,a,v,e,l,.,t,a,i,p,e,i,/,d,_,u,p,l,o,a,d,_,t,t,n,/,s,c,e,n,e,a,d,m,i,n,/,i,m,a,g,e,/,A,0,/,B,0,/,C,0,/,D,8,/,E,5,2,2,/,F,8,2,/,a,4,8,4,0,5,3,b,-,b,d,b,9,-,4,c,1,f,-,8,7,c,3,-,1,2,4,0,8,3,9,9,e,7,4,3,.,j,p,g,h,t,t,p,s,:,/,/,w,w,w,.,t,r,a,v,e,l,.,t,a,i,p,e,i,/,d,_,u,p,l,o,a,d,_,t,t,n,/,s,c,e,n,e,a,d,m,i,n,/,i,m,a,g,e,/,A,0,/,B,0,/,C,0,/,D,0,/,E,8,2,3,/,F,6,1,2,/,8,9,4,d,8,1,5,0,-,e,a,b,9,-,4,c,f,b,-,9,a,9,7,-,b,9,b,b,f,f,2,a,2,9,2,9,.,j,p,g,h,t,t,p,s,:,/,/,w,w,w,.,t,r,a,v,e,l,.,t,a,i,p,e,i,/,d,_,u,p,l,o,a,d,_,t,t,n,/,s,c,e,n,e,a,d,m,i,n,/,i,m,a,g,e,/,A,0,/,B,0,/,C,0,/,D,1,2,/,E,3,6,5,/,F,8,6,1,/,0,5,0,a,5,7,f,2,-,a,a,c,0,-,4,c,c,c,-,9,7,2,3,-,5,d,8,8,b,a,b,b,9,8,c,5,.,j,p,g,h,t,t,p,s,:,/,/,w,w,w,.,t,r,a,v,e,l,.,t,a,i,p,e,i,/,d,_,u,p,l,o,a,d,_,t,t,n,/,s,c,e,n,e,a,d,m,i,n,/,i,m,a,g,e,/,A,0,/,B,0,/,C,0,/,D,3,0,/,E,1,9,8,/,F,4,3,1,/,4,f,8,f,3,b,a,c,-,2,9,5,c,-,4,7,6,b,-,9,0,5,7,-,5,5,e,b,f,c,d,5,9,e,b,0,.,j,p,g,h,t,t,p,s,:,/,/,w,w,w,.,t,r,a,v,e,l,.,t,a,i,p,e,i,/,d,_,u,p,l,o,a,d,_,t,t,n,/,s,c,e,n,e,a,d,m,i,n,/,i,m,a,g,e,/,A,0,/,B,0,/,C,0,/,D,1,6,/,E,7,7,8,/,F,6,9,5,/,c,f,0,8,f,d,3,4,-,d,e,b,e,-,4,7,0,3,-,9,6,a,e,-,e,7,d,4,5,8,b,b,3,c,1,3,.,j,p,g,h,t,t,p,s,:,/,/,w,w,w,.,t,r,a,v,e,l,.,t,a,i,p,e,i,/,d,_,u,p,l,o,a,d,_,t,t,n,/,s,c,e,n,e,a,d,m,i,n,/,i,m,a,g,e,/,A,0,/,B,0,/,C,0,/,D,1,3,/,E,6,2,/,F,7,7,4,/,e,b,f,a,8,0,b,9,-,0,a,8,6,-,4,c,8,8,-,9,6,0,0,-,f,f,f,6,2,8,2,4,9,b,8,3,.,j,p,g,h,t,t,p,s,:,/,/,w,w,w,.,t,r,a,v,e,l,.,t,a,i,p,e,i,/,s,t,r,e,a,m,s,/,s,c,e,n,e,a,d,m,i,n,/,v,i,d,e,o,/,1,0,0,C,4,.,m,p,3,""""
"""",大,安,森,林,公,園,"""","""",臺,北,市, , ,大,安,區,新,生,南,路,以,東,、,信,義,路,3,段,以,南,"""","""",1,2,1,.,5,3,6,2,"""","""",2,5,.,0,2,9,6,"""","""",h,t,t,p,s,:,/,/,w,w,w,.,t,r,a,v,e,l,.,t,a,i,p,e,i,/,d,_,u,p,l,o,a,d,_,t,t,n,/,s,c,e,n,e,a,d,m,i,n,/,i,m,a,g,e,/,A,0,/,B,0,/,C,0,/,D,1,1,/,E,2,5,7,/,F,3,4,5,/,5,4,6,f,4,2,a,1,-,c,b,f,b,-,4,9,f,c,-,b,4,d,8,-,c,3,3,f,1,c,4,4,1,9,0,c,.,j,p,g,h,t,t,p,s,:,/,/,w,w,w,.,t,r,a,v,e,l,.,t,a,i,p,e,i,/,d,_,u,p,l,o,a,d,_,t,t,n,/,s,c,e,n,e,a,d,m,i,n,/,i,m,a,g,e,/,A,0,/,B,0,/,C,0,/,D,3,1,/,E,3,3,7,/,F,2,7,0,/,8,5,f,0,3,b,e,7,-,c,d,0,c,-,4,b,d,e,-,8,1,2,f,-,7,b,7,f,6,0,3,d,7,2,8,1,.,j,p,g,h,t,t,p,s,:,/,/,w,w,w,.,t,r,a,v,e,l,.,t,a,i,p,e,i,/,d,_,u,p,l,o,a,d,_,t,t,n,/,s,c,e,n,e,a,d,m,i,n,/,i,m,a,g,e,/,A,0,/,B,0,/,C,0,/,D,5,/,E,1,1,8,/,F,2,0,2,/,2,f,1,6,2,0,b,9,-,3,8,b,1,-,4,c,1,7,-,8,4,3,b,-,5,f,e,d,2,a,5,a,e,3,1,e,.,j,p,g,h,t,t,p,s,:,/,/,w,w,w,.,t,r,a,v,e,l,.,t,a,i,p,e,i,/,d,_,u,p,l,o,a,d,_,t,t,n,/,s,c,e,n,e,a,d,m,i,n,/,i,m,a,g,e,/,A,0,/,B,0,/,C,0,/,D,7,/,E,8,9,5,/,F,8,7,/,f,3,e,b,1,4,2,8,-,6,1,5,2,-,4,c,1,5,-,b,3,2,8,-,5,7,5,d,5,9,e,4,4,7,7,c,.,j,p,g,h,t,t,p,s,:,/,/,w,w,w,.,t,r,a,v,e,l,.,t,a,i,p,e,i,/,d,_,u,p,l,o,a,d,_,t,t,n,/,s,c,e,n,e,a,d,m,i,n,/,i,m,a,g,e,/,A,0,/,B,0,/,C,0,/,D,1,2,/,E,5,5,6,/,F,4,8,0,/,9,4,6,1,7,6,4,b,-,0,0,4,9,-,4,8,0,c,-,9,f,9,6,-,c,a,1,c,1,f,b,2,b,9,b,c,.,j,p,g,h,t,t,p,s,:,/,/,w,w,w,.,t,r,a,v,e,l,.,t,a,i,p,e,i,/,d,_,u,p,l,o,a,d,_,t,t,n,/,s,c,e,n,e,a,d,m,i,n,/,i,m,a,g,e,/,A,0,/,B,0,/,C,0,/,D,1,8,/,E,7,6,2,/,F,3,4,2,/,7,8,2,4,5,2,2,1,-,8,8,8,e,-,4,4,d,0,-,a,d,0,c,-,7,2,a,8,e,3,4,9,4,5,3,8,.,j,p,g,h,t,t,p,s,:,/,/,w,w,w,.,t,r,a,v,e,l,.,t,a,i,p,e,i,/,d,_,u,p,l,o,a,d,_,t,t,n,/,s,c,e,n,e,a,d,m,i,n,/,i,m,a,g,e,/,A,0,/,B,0,/,C,0,/,D,2,2,/,E,2,2,2,/,F,9,2,7,/,d,c,e,6,6,f,e,1,-,6,2,7,7,-,4,2,2,d,-,8,5,3,7,-,e,5,c,b,8,f,e,8,a,a,a,5,.,j,p,g,h,t,t,p,s,:,/,/,w,w,w,.,t,r,a,v,e,l,.,t,a,i,p,e,i,/,d,_,u,p,l,o,a,d,_,t,t,n,/,s,c,e,n,e,a,d,m,i,n,/,i,m,a,g,e,/,A,0,/,B,0,/,C,0,/,D,1,7,/,E,6,7,2,/,F,6,4,2,/,f,4,2,0,1,e,f,7,-,2,1,3,7,-,4,4,7,c,-,b,8,3,2,-,c,1,d,6,9,9,1,4,2,6,7,5,.,j,p,g,""""
"""",地,熱,谷,"""","""",臺,北,市, , ,北,投,區,中,山,路,"""","""",1,2,1,.,5,1,1,5,9,2,"""","""",2,5,.,1,3,7,9,4,0,"""","""",h,t,t,p,s,:,/,/,w,w,w,.,t,r,a,v,e,l,.,t,a,i,p,e,i,/,d,_,u,p,l,o,a,d,_,t,t,n,/,s,c,e,n,e,a,d,m,i,n,/,p,i,c,/,1,1,0,0,3,9,9,3,.,j,p,g,h,t,t,p,s,:,/,/,w,w,w,.,t,r,a,v,e,l,.,t,a,i,p,e,i,/,d,_,u,p,l,o,a,d,_,t,t,n,/,s,c,e,n,e,a,d,m,i,n,/,i,m,a,g,e,/,A,0,/,B,0,/,C,1,/,D,4,5,7,/,E,3,4,1,/,F,1,7,1,/,f,6,d,c,2,5,a,6,-,c,c,4,4,-,4,e,4,d,-,a,7,e,a,-,a,e,a,0,1,1,e,2,a,a,6,5,.,j,p,g,h,t,t,p,s,:,/,/,w,w,w,.,t,r,a,v,e,l,.,t,a,i,p,e,i,/,d,_,u,p,l,o,a,d,_,t,t,n,/,s,c,e,n,e,a,d,m,i,n,/,i,m,a,g,e,/,A,0,/,B,0,/,C,1,/,D,3,7,5,/,E,8,6,2,/,F,6,7,/,d,c,a,d,a,7,0,4,-,a,1,5,1,-,4,b,4,9,-,a,c,4,4,-,a,3,4,9,e,7,7,6,1,9,7,3,.,j,p,g,h,t,t,p,s,:,/,/,w,w,w,.,t,r,a,v,e,l,.,t,a,i,p,e,i,/,d,_,u,p,l,o,a,d,_,t,t,n,/,s,c,e,n,e,a,d,m,i,n,/,i,m,a,g,e,/,A,0,/,B,0,/,C,1,/,D,2,9,3,/,E,8,3,4,/,F,8,6,4,/,7,4,9,3,c,a,4,0,-,9,8,5,e,-,4,d,7,e,-,9,3,4,0,-,f,7,3,8,b,6,0,9,6,c,2,6,.,j,p,g,h,t,t,p,s,:,/,/,w,w,w,.,t,r,a,v,e,l,.,t,a,i,p,e,i,/,d,_,u,p,l,o,a,d,_,t,t,n,/,s,c,e,n,e,a,d,m,i,n,/,i,m,a,g,e,/,A,0,/,B,0,/,C,1,/,D,9,8,8,/,E,7,4,5,/,F,2,9,/,c,c,1,e,0,a,3,a,-,0,e,3,c,-,4,7,d,c,-,8,8,b,8,-,9,c,7,a,9,d,d,c,6,0,6,e,.,j,p,g,h,t,t,p,s,:,/,/,w,w,w,.,t,r,a,v,e,l,.,t,a,i,p,e,i,/,d,_,u,p,l,o,a,d,_,t,t,n,/,s,c,e,n,e,a,d,m,i,n,/,i,m,a,g,e,/,A,0,/,B,0,/,C,0,/,D,3,7,/,E,6,1,1,/,F,8,0,5,/,e,c,2,9,6,6,7,c,-,0,f,f,6,-,4,3,5,a,-,a,b,8,2,-,2,9,0,5,4,9,2,d,0,4,f,c,.,j,p,g,h,t,t,p,s,:,/,/,w,w,w,.,t,r,a,v,e,l,.,t,a,i,p,e,i,/,d,_,u,p,l,o,a,d,_,t,t,n,/,s,c,e,n,e,a,d,m,i,n,/,i,m,a,g,e,/,A,0,/,B,0,/,C,1,/,D,2,0,2,/,E,2,3,/,F,4,7,8,/,a,2,1,9,4,8,0,b,-,2,b,b,0,-,4,e,8,0,-,9,0,6,9,-,2,7,0,4,c,7,9,0,4,5,4,5,.,j,p,g,h,t,t,p,s,:,/,/,w,w,w,.,t,r,a,v,e,l,.,t,a,i,p,e,i,/,s,t,r,e,a,m,s,/,s,c,e,n,e,r,y,_,f,i,l,e,_,a,u,d,i,o,/,c,1,7,.,m,p,3,""""
"""",南,港,山,系,-,象,山,親,山,步,道,"""","""",臺,北,市, , ,信,義,區,信,義,路,五,段,1,5,0,巷,"""","""",1,2,1,.,5,7,1,9,7,0,"""","""",2,5,.,0,2,3,7,5,7,"""","""",h,t,t,p,s,:,/,/,w,w,w,.,t,r,a,v,e,l,.,t,a,i,p,e,i,/,d,_,u,p,l,o,a,d,_,t,t,n,/,s,c,e,n,e,a,d,m,i,n,/,p,i,c,/,1,1,0,0,1,4,8,1,.,j,p,g,h,t,t,p,s,:,/,/,w,w,w,.,t,r,a,v,e,l,.,t,a,i,p,e,i,/,d,_,u,p,l,o,a,d,_,t,t,n,/,s,c,e,n,e,a,d,m,i,n,/,i,m,a,g,e,/,A,0,/,B,0,/,C,2,/,D,7,4,/,E,8,6,0,/,F,2,2,3,/,f,2,8,f,9,f,f,0,-,a,4,5,7,-,4,6,8,7,-,8,6,3,0,-,b,b,5,b,f,b,7,9,3,d,4,6,.,j,p,g,h,t,t,p,s,:,/,/,w,w,w,.,t,r,a,v,e,l,.,t,a,i,p,e,i,/,d,_,u,p,l,o,a,d,_,t,t,n,/,s,c,e,n,e,a,d,m,i,n,/,i,m,a,g,e,/,A,0,/,B,0,/,C,1,/,D,6,1,1,/,E,7,0,6,/,F,7,6,7,/,6,f,b,1,c,f,1,e,-,2,a,5,5,-,4,f,9,1,-,8,6,9,f,-,c,8,f,3,5,1,e,b,9,3,0,e,.,J,P,G,h,t,t,p,s,:,/,/,w,w,w,.,t,r,a,v,e,l,.,t,a,i,p,e,i,/,d,_,u,p,l,o,a,d,_,t,t,n,/,s,c,e,n,e,a,d,m,i,n,/,i,m,a,g,e,/,A,0,/,B,0,/,C,0,/,D,5,7,2,/,E,3,8,7,/,F,1,0,2,/,1,6,4,5,0,7,0,3,-,7,3,2,6,-,4,3,1,d,-,8,8,b,1,-,8,e,f,1,8,6,b,4,e,6,b,b,.,j,p,g,h,t,t,p,s,:,/,/,w,w,w,.,t,r,a,v,e,l,.,t,a,i,p,e,i,/,d,_,u,p,l,o,a,d,_,t,t,n,/,s,c,e,n,e,a,d,m,i,n,/,i,m,a,g,e,/,A,0,/,B,0,/,C,2,/,D,1,7,/,E,1,9,6,/,F,3,7,3,/,c,3,6,7,0,2,c,0,-,1,9,a,a,-,4,7,6,4,-,8,0,a,2,-,8,1,9,8,f,d,7,d,b,6,a,6,.,j,p,g,h,t,t,p,s,:,/,/,w,w,w,.,t,r,a,v,e,l,.,t,a,i,p,e,i,/,d,_,u,p,l,o,a,d,_,t,t,n,/,s,c,e,n,e,a,d,m,i,n,/,i,m,a,g,e,/,A,0,/,B,0,/,C,1,/,D,1,5,9,/,E,2,2,/,F,5,3,1,/,3,9,d,4,d,6,2,3,-,1,a,7,b,-,4,0,f,d,-,9,5,d,7,-,4,2,6,0,7,0,2,e,a,3,6,e,.,j,p,g,""""
"""",艋,舺,龍,山,寺,"""","""",臺,北,市, , ,萬,華,區,廣,州,街,2,1,1,號,"""","""",1,2,1,.,4,9,9,9,6,2,"""","""",2,5,.,0,3,6,7,9,8,"""","""",h,t,t,p,s,:,/,/,w,w,w,.,t,r,a,v,e,l,.,t,a,i,p,e,i,/,d,_,u,p,l,o,a,d,_,t,t,n,/,s,c,e,n,e,a,d,m,i,n,/,i,m,a,g,e,/,A,0,/,B,0,/,C,0,/,D,2,2,6,/,E,9,2,0,/,F,6,6,5,/,1,f,2,6,a,f,8,6,-,e,9,0,7,-,4,4,c,9,-,b,4,d,7,-,5,c,4,9,8,d,a,c,f,c,6,c,.,j,p,g,h,t,t,p,s,:,/,/,w,w,w,.,t,r,a,v,e,l,.,t,a,i,p,e,i,/,d,_,u,p,l,o,a,d,_,t,t,n,/,s,c,e,n,e,a,d,m,i,n,/,i,m,a,g,e,/,A,0,/,B,0,/,C,1,/,D,9,8,0,/,E,3,7,3,/,F,4,3,5,/,5,2,5,b,d,7,5,3,-,2,d,b,f,-,4,8,6,9,-,9,7,0,5,-,0,2,1,7,3,1,d,7,8,f,a,6,.,j,p,g,h,t,t,p,s,:,/,/,w,w,w,.,t,r,a,v,e,l,.,t,a,i,p,e,i,/,d,_,u,p,l,o,a,d,_,t,t,n,/,s,c,e,n,e,a,d,m,i,n,/,i,m,a,g,e,/,A,0,/,B,0,/,C,0,/,D,8,2,4,/,E,4,8,3,/,F,8,0,3,/,d,7,d,b,9,1,a,8,-,5,3,c,8,-,4,9,1,e,-,9,0,d,0,-,c,0,a,b,d,8,2,4,a,1,b,2,.,j,p,g,h,t,t,p,s,:,/,/,w,w,w,.,t,r,a,v,e,l,.,t,a,i,p,e,i,/,d,_,u,p,l,o,a,d,_,t,t,n,/,s,c,e,n,e,a,d,m,i,n,/,i,m,a,g,e,/,A,0,/,B,0,/,C,1,/,D,8,1,7,/,E,8,6,4,/,F,7,0,8,/,c,8,a,d,1,e,f,2,-,e,9,3,d,-,4,0,b,7,-,a,0,4,2,-,4,9,a,3,7,e,7,c,7,7,e,7,.,j,p,g,h,t,t,p,s,:,/,/,w,w,w,.,t,r,a,v,e,l,.,t,a,i,p,e,i,/,d,_,u,p,l,o,a,d,_,t,t,n,/,s,c,e,n,e,a,d,m,i,n,/,i,m,a,g,e,/,A,0,/,B,0,/,C,1,/,D,9,/,E,8,3,2,/,F,1,4,/,4,4,b,c,b,0,c,8,-,d,3,4,a,-,4,5,f,5,-,9,e,0,3,-,6,d,f,6,1,b,d,9,c,f,f,2,.,j,p,g,h,t,t,p,s,:,/,/,w,w,w,.,t,r,a,v,e,l,.,t,a,i,p,e,i,/,d,_,u,p,l,o,a,d,_,t,t,n,/,s,c,e,n,e,a,d,m,i,n,/,i,m,a,g,e,/,A,0,/,B,0,/,C,0,/,D,4,6,0,/,E,7,8,9,/,F,8,2,7,/,a,1,f,a,9,f,a,9,-,1,7,5,f,-,4,9,c,d,-,a,2,d,8,-,1,b,d,6,3,d,9,e,5,9,5,f,.,j,p,g,h,t,t,p,s,:,/,/,w,w,w,.,t,r,a,v,e,l,.,t,a,i,p,e,i,/,d,_,u,p,l,o,a,d,_,t,t,n,/,s,c,e,n,e,a,d,m,i,n,/,i,m,a,g,e,/,A,0,/,B,0,/,C,1,/,D,8,6,/,E,8,4,8,/,F,3,1,7,/,e,4,b,7,a,6,d,8,-,c,3,1,1,-,4,0,e,4,-,8,c,4,b,-,a,4,d,5,5,c,d,6,1,8,2,7,.,j,p,g,h,t,t,p,s,:,/,/,w,w,w,.,t,r,a,v,e,l,.,t,a,i,p,e,i,/,d,_,u,p,l,o,a,d,_,t,t,n,/,s,c,e,n,e,a,d,m,i,n,/,i,m,a,g,e,/,A,0,/,B,0,/,C,0,/,D,2,3,6,/,E,1,2,8,/,F,5,0,3,/,9,5,c,4,9,7,d,1,-,8,b,3,3,-,4,9,3,9,-,b,c,4,6,-,a,d,f,8,c,6,b,9,b,e,3,b,.,j,p,g,h,t,t,p,s,:,/,/,w,w,w,.,t,r,a,v,e,l,.,t,a,i,p,e,i,/,d,_,u,p,l,o,a,d,_,t,t,n,/,s,c,e,n,e,a,d,m,i,n,/,i,m,a,g,e,/,A,0,/,B,0,/,C,0,/,D,1,5,5,/,E,7,0,/,F,7,4,3,/,a,f,1,1,e,3,e,5,-,5,7,1,a,-,4,9,e,6,-,b,0,5,e,-,b,9,a,7,d,2,8,0,6,b,9,9,.,j,p,g,h,t,t,p,s,:,/,/,w,w,w,.,t,r,a,v,e,l,.,t,a,i,p,e,i,/,d,_,u,p,l,o,a,d,_,t,t,n,/,s,c,e,n,e,a,d,m,i,n,/,i,m,a,g,e,/,A,0,/,B,0,/,C,0,/,D,3,4,0,/,E,2,0,7,/,F,3,2,9,/,a,2,4,a,b,f,6,c,-,d,a,8,9,-,4,d,1,c,-,8,7,1,7,-,d,8,8,7,7,a,6,c,f,9,e,a,.,j,p,g,h,t,t,p,s,:,/,/,w,w,w,.,t,r,a,v,e,l,.,t,a,i,p,e,i,/,d,_,u,p,l,o,a,d,_,t,t,n,/,s,c,e,n,e,a,d,m,i,n,/,i,m,a,g,e,/,A,0,/,B,0,/,C,0,/,D,6,0,8,/,E,2,5,8,/,F,4,2,9,/,9,7,4,9,8,2,8,f,-,e,a,2,6,-,4,c,2,d,-,a,2,c,7,-,3,3,c,8,3,d,4,5,7,2,1,6,.,j,p,g,h,t,t,p,s,:,/,/,w,w,w,.,t,r,a,v,e,l,.,t,a,i,p,e,i,/,d,_,u,p,l,o,a,d,_,t,t,n,/,s,c,e,n,e,a,d,m,i,n,/,i,m,a,g,e,/,A,0,/,B,0,/,C,0,/,D,7,2,0,/,E,9,1,7,/,F,1,8,1,/,e,3,2,c,a,3,1,7,-,2,1,7,1,-,4,1,b,3,-,9,c,d,9,-,3,d,f,e,f,4,8,4,6,6,e,9,.,j,p,g,h,t,t,p,s,:,/,/,w,w,w,.,t,r,a,v,e,l,.,t,a,i,p,e,i,/,d,_,u,p,l,o,a,d,_,t,t,n,/,s,c,e,n,e,a,d,m,i,n,/,i,m,a,g,e,/,A,0,/,B,0,/,C,0,/,D,8,7,2,/,E,8,4,9,/,F,1,3,2,/,7,f,f,a,f,e,c,b,-,7,f,c,5,-,4,8,c,1,-,9,2,3,0,-,2,0,1,8,b,4,e,f,b,c,6,b,.,j,p,g,h,t,t,p,s,:,/,/,w,w,w,.,t,r,a,v,e,l,.,t,a,i,p,e,i,/,d,_,u,p,l,o,a,d,_,t,t,n,/,s,c,e,n,e,a,d,m,i,n,/,i,m,a,g,e,/,A,0,/,B,0,/,C,1,/,D,2,1,3,/,E,2,6,7,/,F,6,2,2,/,b,3,a,6,8,1,c,0,-,2,c,0,e,-,4,9,9,2,-,b,2,3,5,-,3,e,9,6,7,c,f,6,4,3,d,f,.,j,p,g,h,t,t,p,s,:,/,/,w,w,w,.,t,r,a,v,e,l,.,t,a,i,p,e,i,/,d,_,u,p,l,o,a,d,_,t,t,n,/,s,c,e,n,e,a,d,m,i,n,/,i,m,a,g,e,/,A,0,/,B,0,/,C,0,/,D,2,1,5,/,E,7,4,5,/,F,2,2,4,/,5,9,f,0,7,2,7,8,-,0,5,6,d,-,4,d,5,1,-,a,a,3,1,-,2,b,4,4,b,a,6,c,6,8,7,7,.,j,p,g,h,t,t,p,s,:,/,/,w,w,w,.,t,r,a,v,e,l,.,t,a,i,p,e,i,/,d,_,u,p,l,o,a,d,_,t,t,n,/,s,c,e,n,e,a,d,m,i,n,/,i,m,a,g,e,/,A,0,/,B,0,/,C,1,/,D,5,7,4,/,E,6,4,2,/,F,2,0,/,a,5,6,e,7,4,b,f,-,a,2,c,4,-,4,4,e,c,-,9,c,d,8,-,5,b,9,c,3,c,0,3,5,b,7,d,.,j,p,g,h,t,t,p,s,:,/,/,w,w,w,.,t,r,a,v,e,l,.,t,a,i,p,e,i,/,d,_,u,p,l,o,a,d,_,t,t,n,/,s,c,e,n,e,a,d,m,i,n,/,i,m,a,g,e,/,A,0,/,B,0,/,C,1,/,D,7,4,6,/,E,2,4,8,/,F,1,2,6,/,c,c,9,c,c,4,7,3,-,f,7,2,9,-,4,5,0,4,-,b,7,0,2,-,e,b,6,5,8,5,6,f,c,b,e,8,.,j,p,g,h,t,t,p,s,:,/,/,w,w,w,.,t,r,a,v,e,l,.,t,a,i,p,e,i,/,s,t,r,e,a,m,s,/,s,c,e,n,e,r,y,_,f,i,l,e,_,a,u,d,i,o,/,c,0,9,.,m,p,3,h,t,t,p,s,:,/,/,w,w,w,.,t,r,a,v,e,l,.,t,a,i,p,e,i,/,s,t,r,e,a,m,s,/,v,i,d,e,o,/,D,I,S,C,3,-,3,.,f,l,v,""""
"""",行,天,宮,"""","""",臺,北,市, , ,中,山,區,民,權,東,路,2,段,1,0,9,號,"""","""",1,2,1,.,5,3,3,8,3,8,"""","""",2,5,.,0,6,3,0,5,9,"""","""",h,t,t,p,s,:,/,/,w,w,w,.,t,r,a,v,e,l,.,t,a,i,p,e,i,/,d,_,u,p,l,o,a,d,_,t,t,n,/,s,c,e,n,e,a,d,m,i,n,/,i,m,a,g,e,/,A,0,/,B,0,/,C,1,/,D,5,0,9,/,E,1,4,/,F,9,8,3,/,d,5,f,4,9,c,e,0,-,1,3,9,c,-,4,e,8,b,-,8,1,c,f,-,3,9,e,2,b,3,2,e,7,9,b,f,.,j,p,g,h,t,t,p,s,:,/,/,w,w,w,.,t,r,a,v,e,l,.,t,a,i,p,e,i,/,d,_,u,p,l,o,a,d,_,t,t,n,/,s,c,e,n,e,a,d,m,i,n,/,i,m,a,g,e,/,A,0,/,B,0,/,C,0,/,D,7,3,8,/,E,4,8,1,/,F,1,9,3,/,d,4,2,9,a,5,f,5,-,5,0,b,e,-,4,7,f,3,-,9,4,1,4,-,3,b,8,0,c,9,c,9,0,c,0,1,.,j,p,g,h,t,t,p,s,:,/,/,w,w,w,.,t,r,a,v,e,l,.,t,a,i,p,e,i,/,d,_,u,p,l,o,a,d,_,t,t,n,/,s,c,e,n,e,a,d,m,i,n,/,i,m,a,g,e,/,A,0,/,B,0,/,C,0,/,D,8,7,1,/,E,1,6,0,/,F,9,1,8,/,6,2,6,e,a,d,8,f,-,7,6,1,e,-,4,d,3,4,-,b,c,4,8,-,0,a,b,a,c,f,3,9,5,3,1,4,.,j,p,g,h,t,t,p,s,:,/,/,w,w,w,.,t,r,a,v,e,l,.,t,a,i,p,e,i,/,d,_,u,p,l,o,a,d,_,t,t,n,/,s,c,e,n,e,a,d,m,i,n,/,i,m,a,g,e,/,A,0,/,B,0,/,C,1,/,D,9,1,9,/,E,3,9,4,/,F,7,2,0,/,0,4,f,c,d,4,a,3,-,8,2,b,5,-,4,d,3,c,-,b,e,3,5,-,f,1,7,c,1,c,3,1,2,f,7,8,.,j,p,g,h,t,t,p,s,:,/,/,w,w,w,.,t,r,a,v,e,l,.,t,a,i,p,e,i,/,d,_,u,p,l,o,a,d,_,t,t,n,/,s,c,e,n,e,a,d,m,i,n,/,i,m,a,g,e,/,A,0,/,B,0,/,C,0,/,D,5,5,/,E,9,2,5,/,F,1,1,8,/,a,8,5,5,d,1,3,6,-,1,4,f,5,-,4,a,1,f,-,b,c,7,9,-,7,f,b,6,1,f,d,9,e,f,d,1,.,j,p,g,h,t,t,p,s,:,/,/,w,w,w,.,t,r,a,v,e,l,.,t,a,i,p,e,i,/,d,_,u,p,l,o,a,d,_,t,t,n,/,s,c,e,n,e,a,d,m,i,n,/,i,m,a,g,e,/,A,0,/,B,0,/,C,0,/,D,2,9,6,/,E,8,9,/,F,5,6,9,/,a,7,4,3,a,8,7,f,-,6,5,3,f,-,4,9,b,2,-,b,4,8,b,-,f,3,d,7,a,a,4,a,4,f,b,4,.,j,p,g,h,t,t,p,s,:,/,/,w,w,w,.,t,r,a,v,e,l,.,t,a,i,p,e,i,/,d,_,u,p,l,o,a,d,_,t,t,n,/,s,c,e,n,e,a,d,m,i,n,/,p,i,c,/,1,1,0,0,1,4,9,7,.,j,p,g,h,t,t,p,s,:,/,/,w,w,w,.,t,r,a,v,e,l,.,t,a,i,p,e,i,/,d,_,u,p,l,o,a,d,_,t,t,n,/,s,c,e,n,e,a,d,m,i,n,/,p,i,c,/,1,1,0,0,1,4,9,8,.,j,p,g,h,t,t,p,s,:,/,/,w,w,w,.,t,r,a,v,e,l,.,t,a,i,p,e,i,/,s,t,r,e,a,m,s,/,s,c,e,n,e,r,y,_,f,i,l,e,_,a,u,d,i,o,/,c,2,4,.,m,p,3,h,t,t,p,s,:,/,/,w,w,w,.,t,r,a,v,e,l,.,t,a,i,p,e,i,/,s,t,r,e,a,m,s,/,v,i,d,e,o,/,D,I,S,C,1,-,0,4,.,f,l,v,""""
"""",梅,庭,"""","""",臺,北,市, , ,北,投,區,中,山,路,6,號,"""","""",1,2,1,.,5,0,8,6,8,2,"""","""",2,5,.,1,3,7,0,2,5,"""","""",h,t,t,p,s,:,/,/,w,w,w,.,t,r,a,v,e,l,.,t,a,i,p,e,i,/,d,_,u,p,l,o,a,d,_,t,t,n,/,s,c,e,n,e,a,d,m,i,n,/,i,m,a,g,e,/,A,0,/,B,0,/,C,1,/,D,9,3,1,/,E,9,3,/,F,9,5,6,/,3,7,4,f,6,b,3,1,-,8,4,0,b,-,4,0,7,f,-,8,2,b,7,-,e,6,f,7,0,d,4,d,0,c,4,9,.,J,P,G,h,t,t,p,s,:,/,/,w,w,w,.,t,r,a,v,e,l,.,t,a,i,p,e,i,/,d,_,u,p,l,o,a,d,_,t,t,n,/,s,c,e,n,e,a,d,m,i,n,/,i,m,a,g,e,/,A,0,/,B,0,/,C,0,/,D,6,7,0,/,E,7,8,8,/,F,8,9,2,/,a,8,d,b,3,c,f,c,-,d,3,c,e,-,4,1,6,c,-,9,8,d,b,-,7,6,7,2,8,2,a,0,d,e,3,9,.,J,P,G,h,t,t,p,s,:,/,/,w,w,w,.,t,r,a,v,e,l,.,t,a,i,p,e,i,/,d,_,u,p,l,o,a,d,_,t,t,n,/,s,c,e,n,e,a,d,m,i,n,/,i,m,a,g,e,/,A,0,/,B,0,/,C,0,/,D,4,3,1,/,E,6,8,3,/,F,5,8,/,c,4,9,0,1,8,8,d,-,8,b,4,e,-,4,4,a,2,-,8,8,0,7,-,7,6,3,4,2,b,0,c,e,2,c,d,.,j,p,g,h,t,t,p,s,:,/,/,w,w,w,.,t,r,a,v,e,l,.,t,a,i,p,e,i,/,d,_,u,p,l,o,a,d,_,t,t,n,/,s,c,e,n,e,a,d,m,i,n,/,p,i,c,/,1,1,0,0,3,3,8,6,.,j,p,g,h,t,t,p,s,:,/,/,w,w,w,.,t,r,a,v,e,l,.,t,a,i,p,e,i,/,d,_,u,p,l,o,a,d,_,t,t,n,/,s,c,e,n,e,a,d,m,i,n,/,p,i,c,/,1,1,0,0,3,3,8,7,.,j,p,g,h,t,t,p,s,:,/,/,w,w,w,.,t,r,a,v,e,l,.,t,a,i,p,e,i,/,d,_,u,p,l,o,a,d,_,t,t,n,/,s,c,e,n,e,a,d,m,i,n,/,p,i,c,/,1,1,0,0,3,3,8,8,.,j,p,g,""""
"""",中,正,紀,念,堂,"""","""",臺,北,市, , ,中,正,區,中,山,南,路,2,1,號,"""","""",1,2,1,.,5,2,1,9,4,"""","""",2,5,.,0,3,4,7,1,"""","""",h,t,t,p,s,:,/,/,w,w,w,.,t,r,a,v,e,l,.,t,a,i,p,e,i,/,d,_,u,p,l,o,a,d,_,t,t,n,/,s,c,e,n,e,a,d,m,i,n,/,p,i,c,/,1,1,0,0,0,3,7,5,.,j,p,g,h,t,t,p,s,:,/,/,w,w,w,.,t,r,a,v,e,l,.,t,a,i,p,e,i,/,d,_,u,p,l,o,a,d,_,t,t,n,/,s,c,e,n,e,a,d,m,i,n,/,i,m,a,g,e,/,A,0,/,B,0,/,C,0,/,D,9,5,5,/,E,1,8,/,F,6,6,5,/,d,3,d,2,8,0,3,e,-,1,4,8,6,-,4,7,5,5,-,b,f,4,0,-,8,4,f,e,3,b,b,a,f,9,1,5,.,J,P,G,h,t,t,p,s,:,/,/,w,w,w,.,t,r,a,v,e,l,.,t,a,i,p,e,i,/,d,_,u,p,l,o,a,d,_,t,t,n,/,s,c,e,n,e,a,d,m,i,n,/,i,m,a,g,e,/,A,0,/,B,0,/,C,1,/,D,7,8,0,/,E,4,9,5,/,F,6,6,5,/,a,2,9,f,9,6,3,5,-,6,8,4,c,-,4,8,0,7,-,9,e,3,a,-,1,c,6,f,e,6,a,e,0,f,6,7,.,J,P,G,h,t,t,p,s,:,/,/,w,w,w,.,t,r,a,v,e,l,.,t,a,i,p,e,i,/,d,_,u,p,l,o,a,d,_,t,t,n,/,s,c,e,n,e,a,d,m,i,n,/,i,m,a,g,e,/,A,0,/,B,0,/,C,1,/,D,4,3,1,/,E,6,8,/,F,3,1,8,/,a,9,0,b,5,4,7,a,-,d,1,f,3,-,4,0,6,9,-,a,6,a,2,-,2,3,9,7,8,c,2,6,4,b,d,6,.,J,P,G,h,t,t,p,s,:,/,/,w,w,w,.,t,r,a,v,e,l,.,t,a,i,p,e,i,/,d,_,u,p,l,o,a,d,_,t,t,n,/,s,c,e,n,e,a,d,m,i,n,/,i,m,a,g,e,/,A,0,/,B,0,/,C,0,/,D,2,5,6,/,E,6,5,4,/,F,3,2,9,/,d,a,0,7,4,8,f,0,-,f,7,0,2,-,4,f,8,4,-,8,1,6,c,-,8,4,7,0,2,5,1,c,5,d,e,1,.,J,P,G,h,t,t,p,s,:,/,/,w,w,w,.,t,r,a,v,e,l,.,t,a,i,p,e,i,/,d,_,u,p,l,o,a,d,_,t,t,n,/,s,c,e,n,e,a,d,m,i,n,/,i,m,a,g,e,/,A,0,/,B,0,/,C,0,/,D,8,7,5,/,E,2,9,5,/,F,9,8,8,/,b,3,e,5,f,5,5,9,-,7,a,0,8,-,4,9,b,e,-,a,c,a,5,-,4,9,3,0,0,9,c,3,c,9,8,b,.,J,P,G,h,t,t,p,s,:,/,/,w,w,w,.,t,r,a,v,e,l,.,t,a,i,p,e,i,/,d,_,u,p,l,o,a,d,_,t,t,n,/,s,c,e,n,e,a,d,m,i,n,/,p,i,c,/,1,1,0,0,1,4,9,5,.,j,p,g,h,t,t,p,s,:,/,/,w,w,w,.,t,r,a,v,e,l,.,t,a,i,p,e,i,/,d,_,u,p,l,o,a,d,_,t,t,n,/,s,c,e,n,e,a,d,m,i,n,/,p,i,c,/,1,1,0,0,0,3,7,6,.,j,p,g,h,t,t,p,s,:,/,/,w,w,w,.,t,r,a,v,e,l,.,t,a,i,p,e,i,/,s,t,r,e,a,m,s,/,s,c,e,n,e,r,y,_,f,i,l,e,_,a,u,d,i,o,/,c,0,5,.,m,p,3,""""
"""",台,北,探,索,館,"""","""",臺,北,市, , ,信,義,區,市,府,路,1,號,1,-,4,樓,"""","""",1,2,1,.,5,6,3,7,6,"""","""",2,5,.,0,3,7,5,8,"""","""",h,t,t,p,s,:,/,/,w,w,w,.,t,r,a,v,e,l,.,t,a,i,p,e,i,/,d,_,u,p,l,o,a,d,_,t,t,n,/,s,c,e,n,e,a,d,m,i,n,/,i,m,a,g,e,/,A,0,/,B,0,/,C,0,/,D,6,/,E,5,7,8,/,F,2,7,0,/,f,6,f,6,6,9,d,9,-,9,9,7,f,-,4,8,c,0,-,8,4,5,a,-,b,e,2,6,7,b,3,d,6,a,d,5,.,j,p,g,h,t,t,p,s,:,/,/,w,w,w,.,t,r,a,v,e,l,.,t,a,i,p,e,i,/,d,_,u,p,l,o,a,d,_,t,t,n,/,s,c,e,n,e,a,d,m,i,n,/,p,i,c,/,1,1,0,0,0,4,0,0,.,j,p,g,h,t,t,p,s,:,/,/,w,w,w,.,t,r,a,v,e,l,.,t,a,i,p,e,i,/,d,_,u,p,l,o,a,d,_,t,t,n,/,c,m,s,/,i,m,a,g,e,/,A,0,/,B,0,/,C,0,/,D,2,9,/,E,4,7,2,/,F,5,5,6,/,b,e,2,2,4,f,f,a,-,f,b,0,f,-,4,a,7,7,-,8,8,f,c,-,c,4,4,8,a,a,c,3,0,9,6,c,.,j,p,g,h,t,t,p,s,:,/,/,w,w,w,.,t,r,a,v,e,l,.,t,a,i,p,e,i,/,d,_,u,p,l,o,a,d,_,t,t,n,/,s,c,e,n,e,a,d,m,i,n,/,p,i,c,/,1,1,0,0,0,4,0,1,.,j,p,g,h,t,t,p,s,:,/,/,w,w,w,.,t,r,a,v,e,l,.,t,a,i,p,e,i,/,d,_,u,p,l,o,a,d,_,t,t,n,/,s,c,e,n,e,a,d,m,i,n,/,p,i,c,/,1,1,0,0,0,4,0,2,.,j,p,g,h,t,t,p,s,:,/,/,w,w,w,.,t,r,a,v,e,l,.,t,a,i,p,e,i,/,s,t,r,e,a,m,s,/,s,c,e,n,e,r,y,_,f,i,l,e,_,a,u,d,i,o,/,c,0,1,.,m,p,3,""""
"""",二,格,山,系,-,指,南,宮,貓,空,親,山,步,道,"""","""",臺,北,市, , ,文,山,區,指,南,路,三,段,3,3,巷,"""","""",1,2,1,.,5,8,1,0,5,9,"""","""",2,4,.,9,8,4,4,1,3,"""","""",h,t,t,p,s,:,/,/,w,w,w,.,t,r,a,v,e,l,.,t,a,i,p,e,i,/,d,_,u,p,l,o,a,d,_,t,t,n,/,s,c,e,n,e,a,d,m,i,n,/,p,i,c,/,1,1,0,0,2,8,2,0,.,j,p,g,h,t,t,p,s,:,/,/,w,w,w,.,t,r,a,v,e,l,.,t,a,i,p,e,i,/,s,t,r,e,a,m,s,/,s,c,e,n,e,c,m,s,/,m,a,o,k,o,n,g,.,f,l,v,h,t,t,p,s,:,/,/,w,w,w,.,t,r,a,v,e,l,.,t,a,i,p,e,i,/,s,t,r,e,a,m,s,/,s,c,e,n,e,c,m,s,/,t,a,i,w,a,n,T,e,a,.,f,l,v,h,t,t,p,s,:,/,/,w,w,w,.,t,r,a,v,e,l,.,t,a,i,p,e,i,/,s,t,r,e,a,m,s,/,s,c,e,n,e,c,m,s,/,0,9,0,0,3,4,8,1,-,M,K,.,f,l,v,""""
"""",北,投,溫,泉,博,物,館,"""","""",臺,北,市, , ,北,投,區,中,山,路,二,號,"""","""",1,2,1,.,5,0,7,1,5,3,"""","""",2,5,.,1,3,6,6,9,1,"""","""",h,t,t,p,s,:,/,/,w,w,w,.,t,r,a,v,e,l,.,t,a,i,p,e,i,/,d,_,u,p,l,o,a,d,_,t,t,n,/,s,c,e,n,e,a,d,m,i,n,/,p,i,c,/,1,1,0,0,0,3,8,2,.,j,p,g,h,t,t,p,s,:,/,/,w,w,w,.,t,r,a,v,e,l,.,t,a,i,p,e,i,/,d,_,u,p,l,o,a,d,_,t,t,n,/,s,c,e,n,e,a,d,m,i,n,/,p,i,c,/,1,1,0,0,0,3,8,3,.,j,p,g,h,t,t,p,s,:,/,/,w,w,w,.,t,r,a,v,e,l,.,t,a,i,p,e,i,/,d,_,u,p,l,o,a,d,_,t,t,n,/,s,c,e,n,e,a,d,m,i,n,/,p,i,c,/,1,1,0,0,0,3,8,4,.,j,p,g,h,t,t,p,s,:,/,/,w,w,w,.,t,r,a,v,e,l,.,t,a,i,p,e,i,/,s,t,r,e,a,m,s,/,s,c,e,n,e,r,y,_,f,i,l,e,_,a,u,d,i,o,/,c,1,5,.,m,p,3,h,t,t,p,s,:,/,/,w,w,w,.,t,r,a,v,e,l,.,t,a,i,p,e,i,/,s,t,r,e,a,m,s,/,v,i,d,e,o,/,D,I,S,C,4,-,2,.,f,l,v,""""
"""",琉,園,水,晶,博,物,館,(,暫,時,休,館,),"""","""",臺,北,市, , ,北,投,區,中,央,北,路,四,段,5,1,5,巷,1,6,號,"""","""",1,2,1,.,4,6,8,9,4,2,"""","""",2,5,.,1,2,7,2,5,5,"""","""",h,t,t,p,s,:,/,/,w,w,w,.,t,r,a,v,e,l,.,t,a,i,p,e,i,/,d,_,u,p,l,o,a,d,_,t,t,n,/,s,c,e,n,e,a,d,m,i,n,/,p,i,c,/,1,1,0,0,0,8,1,3,.,j,p,g,h,t,t,p,s,:,/,/,w,w,w,.,t,r,a,v,e,l,.,t,a,i,p,e,i,/,d,_,u,p,l,o,a,d,_,t,t,n,/,s,c,e,n,e,a,d,m,i,n,/,p,i,c,/,1,1,0,0,0,8,1,4,.,j,p,g,h,t,t,p,s,:,/,/,w,w,w,.,t,r,a,v,e,l,.,t,a,i,p,e,i,/,d,_,u,p,l,o,a,d,_,t,t,n,/,s,c,e,n,e,a,d,m,i,n,/,p,i,c,/,1,1,0,0,0,8,1,5,.,j,p,g,""""
"""",華,山,1,9,1,4,文,化,創,意,產,業,園,區,"""","""",臺,北,市, , ,中,正,區,八,德,路,1,段,1,號,"""","""",1,2,1,.,5,2,8,8,7,"""","""",2,5,.,0,4,3,8,1,"""","""",h,t,t,p,s,:,/,/,w,w,w,.,t,r,a,v,e,l,.,t,a,i,p,e,i,/,d,_,u,p,l,o,a,d,_,t,t,n,/,s,c,e,n,e,a,d,m,i,n,/,p,i,c,/,1,1,0,0,0,9,5,6,.,j,p,g,h,t,t,p,s,:,/,/,w,w,w,.,t,r,a,v,e,l,.,t,a,i,p,e,i,/,d,_,u,p,l,o,a,d,_,t,t,n,/,s,c,e,n,e,a,d,m,i,n,/,p,i,c,/,1,1,0,0,0,9,5,7,.,j,p,g,h,t,t,p,s,:,/,/,w,w,w,.,t,r,a,v,e,l,.,t,a,i,p,e,i,/,d,_,u,p,l,o,a,d,_,t,t,n,/,s,c,e,n,e,a,d,m,i,n,/,p,i,c,/,1,1,0,0,0,9,5,8,.,j,p,g,h,t,t,p,s,:,/,/,w,w,w,.,t,r,a,v,e,l,.,t,a,i,p,e,i,/,d,_,u,p,l,o,a,d,_,t,t,n,/,s,c,e,n,e,a,d,m,i,n,/,i,m,a,g,e,/,A,0,/,B,0,/,C,0,/,D,4,9,9,/,E,5,4,4,/,F,2,/,8,6,b,d,a,1,a,d,-,6,f,2,d,-,4,1,7,b,-,8,b,4,5,-,e,d,d,a,e,6,2,4,8,f,0,f,.,J,P,G,h,t,t,p,s,:,/,/,w,w,w,.,t,r,a,v,e,l,.,t,a,i,p,e,i,/,d,_,u,p,l,o,a,d,_,t,t,n,/,s,c,e,n,e,a,d,m,i,n,/,i,m,a,g,e,/,A,0,/,B,0,/,C,0,/,D,5,2,5,/,E,1,4,0,/,F,6,0,0,/,3,6,b,b,3,4,7,8,-,9,b,4,5,-,4,4,9,9,-,8,8,9,8,-,1,5,a,c,d,2,2,9,4,d,0,5,.,J,P,G,h,t,t,p,s,:,/,/,w,w,w,.,t,r,a,v,e,l,.,t,a,i,p,e,i,/,d,_,u,p,l,o,a,d,_,t,t,n,/,s,c,e,n,e,a,d,m,i,n,/,i,m,a,g,e,/,A,0,/,B,0,/,C,1,/,D,8,8,8,/,E,1,7,6,/,F,2,5,5,/,4,9,9,1,0,1,8,1,-,c,5,5,0,-,4,b,d,3,-,a,1,6,a,-,5,c,a,c,b,4,b,9,7,4,6,2,.,J,P,G,h,t,t,p,s,:,/,/,w,w,w,.,t,r,a,v,e,l,.,t,a,i,p,e,i,/,d,_,u,p,l,o,a,d,_,t,t,n,/,s,c,e,n,e,a,d,m,i,n,/,i,m,a,g,e,/,A,0,/,B,0,/,C,0,/,D,9,8,6,/,E,8,1,7,/,F,3,4,8,/,6,7,0,0,2,3,0,3,-,5,4,0,4,-,4,e,4,8,-,9,d,9,0,-,6,d,e,9,2,c,a,5,4,3,7,e,.,J,P,G,h,t,t,p,s,:,/,/,w,w,w,.,t,r,a,v,e,l,.,t,a,i,p,e,i,/,d,_,u,p,l,o,a,d,_,t,t,n,/,s,c,e,n,e,a,d,m,i,n,/,i,m,a,g,e,/,A,0,/,B,0,/,C,1,/,D,9,5,7,/,E,1,2,8,/,F,8,4,1,/,e,a,7,7,b,7,0,4,-,4,9,5,2,-,4,c,7,4,-,a,8,6,d,-,0,f,9,0,2,f,5,9,5,3,b,7,.,j,p,g,h,t,t,p,s,:,/,/,w,w,w,.,t,r,a,v,e,l,.,t,a,i,p,e,i,/,s,t,r,e,a,m,s,/,v,i,d,e,o,/,D,I,S,C,2,-,5,.,f,l,v,""""
"""",長,榮,海,事,博,物,館,"""","""",臺,北,市, , ,中,正,區,中,山,南,路,1,1,號,"""","""",1,2,1,.,5,1,8,7,7,0,"""","""",2,5,.,0,3,8,7,2,8,"""","""",h,t,t,p,s,:,/,/,w,w,w,.,t,r,a,v,e,l,.,t,a,i,p,e,i,/,d,_,u,p,l,o,a,d,_,t,t,n,/,s,c,e,n,e,a,d,m,i,n,/,p,i,c,/,1,1,0,0,2,5,2,4,.,j,p,g,h,t,t,p,s,:,/,/,w,w,w,.,t,r,a,v,e,l,.,t,a,i,p,e,i,/,d,_,u,p,l,o,a,d,_,t,t,n,/,s,c,e,n,e,a,d,m,i,n,/,p,i,c,/,1,1,0,0,2,5,2,5,.,j,p,g,""""
"""",台,北,1,0,1,"""","""",臺,北,市, , ,信,義,區,信,義,路,5,段,7,號,"""","""",1,2,1,.,5,6,4,8,3,7,"""","""",2,5,.,0,3,3,1,9,4,"""","""",h,t,t,p,s,:,/,/,w,w,w,.,t,r,a,v,e,l,.,t,a,i,p,e,i,/,d,_,u,p,l,o,a,d,_,t,t,n,/,s,c,e,n,e,a,d,m,i,n,/,p,i,c,/,1,1,0,0,0,3,6,1,.,j,p,g,h,t,t,p,s,:,/,/,w,w,w,.,t,r,a,v,e,l,.,t,a,i,p,e,i,/,d,_,u,p,l,o,a,d,_,t,t,n,/,s,c,e,n,e,a,d,m,i,n,/,i,m,a,g,e,/,A,0,/,B,0,/,C,1,/,D,1,3,0,/,E,7,9,0,/,F,1,3,0,/,8,b,4,6,b,7,9,0,-,5,f,d,f,-,4,3,6,9,-,8,4,2,9,-,3,4,8,d,9,6,9,6,e,a,9,2,.,J,P,G,h,t,t,p,s,:,/,/,w,w,w,.,t,r,a,v,e,l,.,t,a,i,p,e,i,/,d,_,u,p,l,o,a,d,_,t,t,n,/,s,c,e,n,e,a,d,m,i,n,/,i,m,a,g,e,/,A,0,/,B,0,/,C,1,/,D,4,0,2,/,E,4,0,9,/,F,2,4,9,/,2,a,5,5,1,1,4,4,-,e,6,1,0,-,4,b,6,3,-,9,a,2,0,-,1,3,7,5,d,9,4,4,1,7,6,0,.,j,p,g,h,t,t,p,s,:,/,/,w,w,w,.,t,r,a,v,e,l,.,t,a,i,p,e,i,/,d,_,u,p,l,o,a,d,_,t,t,n,/,s,c,e,n,e,a,d,m,i,n,/,i,m,a,g,e,/,A,0,/,B,0,/,C,1,/,D,6,5,0,/,E,5,8,2,/,F,4,3,5,/,d,b,6,1,8,9,6,d,-,e,a,3,5,-,4,e,b,6,-,a,c,e,3,-,6,c,2,d,c,3,0,3,8,6,1,0,.,j,p,g,h,t,t,p,s,:,/,/,w,w,w,.,t,r,a,v,e,l,.,t,a,i,p,e,i,/,d,_,u,p,l,o,a,d,_,t,t,n,/,s,c,e,n,e,a,d,m,i,n,/,i,m,a,g,e,/,A,0,/,B,0,/,C,0,/,D,6,6,7,/,E,8,7,8,/,F,2,3,/,5,6,8,a,8,2,a,3,-,0,f,2,a,-,4,4,1,f,-,9,9,7,4,-,a,e,b,f,8,e,c,f,6,9,3,0,.,J,P,G,h,t,t,p,s,:,/,/,w,w,w,.,t,r,a,v,e,l,.,t,a,i,p,e,i,/,d,_,u,p,l,o,a,d,_,t,t,n,/,s,c,e,n,e,a,d,m,i,n,/,i,m,a,g,e,/,A,0,/,B,0,/,C,0,/,D,5,1,9,/,E,7,1,5,/,F,1,2,7,/,8,7,a,0,6,d,a,8,-,d,b,8,4,-,4,9,9,c,-,b,3,6,e,-,7,7,9,3,f,6,4,b,f,c,c,2,.,j,p,g,h,t,t,p,s,:,/,/,w,w,w,.,t,r,a,v,e,l,.,t,a,i,p,e,i,/,d,_,u,p,l,o,a,d,_,t,t,n,/,s,c,e,n,e,a,d,m,i,n,/,p,i,c,/,1,1,0,0,0,3,6,2,.,j,p,g,h,t,t,p,s,:,/,/,w,w,w,.,t,r,a,v,e,l,.,t,a,i,p,e,i,/,d,_,u,p,l,o,a,d,_,t,t,n,/,s,c,e,n,e,a,d,m,i,n,/,p,i,c,/,1,1,0,0,0,3,6,3,.,j,p,g,h,t,t,p,s,:,/,/,w,w,w,.,t,r,a,v,e,l,.,t,a,i,p,e,i,/,s,t,r,e,a,m,s,/,s,c,e,n,e,r,y,_,f,i,l,e,_,a,u,d,i,o,/,c,0,2,.,m,p,3,""""
"""",袖,珍,博,物,館,"""","""",臺,北,市, , ,中,山,區,建,國,北,路,1,段, ,9,6, ,號, ,B,1,"""","""",1,2,1,.,5,3,6,2,8,7,"""","""",2,5,.,0,5,0,3,7,5,"""","""",h,t,t,p,s,:,/,/,w,w,w,.,t,r,a,v,e,l,.,t,a,i,p,e,i,/,d,_,u,p,l,o,a,d,_,t,t,n,/,s,c,e,n,e,a,d,m,i,n,/,p,i,c,/,1,1,0,0,0,7,6,2,.,j,p,g,h,t,t,p,s,:,/,/,w,w,w,.,t,r,a,v,e,l,.,t,a,i,p,e,i,/,d,_,u,p,l,o,a,d,_,t,t,n,/,s,c,e,n,e,a,d,m,i,n,/,p,i,c,/,1,1,0,0,0,7,6,3,.,j,p,g,h,t,t,p,s,:,/,/,w,w,w,.,t,r,a,v,e,l,.,t,a,i,p,e,i,/,d,_,u,p,l,o,a,d,_,t,t,n,/,s,c,e,n,e,a,d,m,i,n,/,p,i,c,/,1,1,0,0,0,7,6,4,.,j,p,g,""""
"""",新,店,溪,、,大,漢,溪,與,淡,水,河,自,行,車,道,"""","""",臺,北,市, , ,萬,華,區,華,中,二,疏,散,門,入,口,"""","""",1,2,1,.,5,0,4,1,9,6,"""","""",2,5,.,0,2,0,1,4,1,"""","""",h,t,t,p,s,:,/,/,w,w,w,.,t,r,a,v,e,l,.,t,a,i,p,e,i,/,d,_,u,p,l,o,a,d,_,t,t,n,/,s,c,e,n,e,a,d,m,i,n,/,p,i,c,/,1,1,0,0,0,9,8,0,.,j,p,g,h,t,t,p,s,:,/,/,w,w,w,.,t,r,a,v,e,l,.,t,a,i,p,e,i,/,d,_,u,p,l,o,a,d,_,t,t,n,/,s,c,e,n,e,a,d,m,i,n,/,p,i,c,/,1,1,0,0,0,9,8,2,.,j,p,g,h,t,t,p,s,:,/,/,w,w,w,.,t,r,a,v,e,l,.,t,a,i,p,e,i,/,d,_,u,p,l,o,a,d,_,t,t,n,/,s,c,e,n,e,a,d,m,i,n,/,p,i,c,/,1,1,0,0,0,9,8,3,.,j,p,g,h,t,t,p,s,:,/,/,w,w,w,.,t,r,a,v,e,l,.,t,a,i,p,e,i,/,d,_,u,p,l,o,a,d,_,t,t,n,/,s,c,e,n,e,a,d,m,i,n,/,i,m,a,g,e,/,A,0,/,B,0,/,C,0,/,D,2,4,/,E,5,0,9,/,F,1,1,2,/,0,6,6,a,a,6,6,a,-,5,7,4,3,-,4,6,1,5,-,8,f,3,a,-,e,7,f,6,4,e,c,0,8,e,1,b,.,j,p,g,h,t,t,p,s,:,/,/,w,w,w,.,t,r,a,v,e,l,.,t,a,i,p,e,i,/,s,t,r,e,a,m,s,/,s,c,e,n,e,c,m,s,/,b,i,k,e,W,a,y,.,f,l,v,""""
"""",北,投,公,園,"""","""",臺,北,市, , ,北,投,區,中,山,路,2,號,"""","""",1,2,1,.,5,0,7,2,8,9,"""","""",2,5,.,1,3,6,6,6,3,"""","""",h,t,t,p,s,:,/,/,w,w,w,.,t,r,a,v,e,l,.,t,a,i,p,e,i,/,d,_,u,p,l,o,a,d,_,t,t,n,/,s,c,e,n,e,a,d,m,i,n,/,i,m,a,g,e,/,A,0,/,B,0,/,C,0,/,D,0,/,E,1,9,6,/,F,7,6,1,/,d,1,5,e,5,5,e,a,-,c,2,a,2,-,4,1,c,f,-,a,9,3,1,-,4,2,a,d,a,b,2,b,b,7,3,9,.,j,p,g,h,t,t,p,s,:,/,/,w,w,w,.,t,r,a,v,e,l,.,t,a,i,p,e,i,/,d,_,u,p,l,o,a,d,_,t,t,n,/,s,c,e,n,e,a,d,m,i,n,/,i,m,a,g,e,/,A,0,/,B,0,/,C,0,/,D,0,/,E,1,9,7,/,F,9,8,5,/,2,e,6,1,e,8,f,0,-,7,e,1,d,-,4,5,9,e,-,9,7,e,e,-,0,2,f,f,f,f,0,c,e,e,9,9,.,j,p,g,h,t,t,p,s,:,/,/,w,w,w,.,t,r,a,v,e,l,.,t,a,i,p,e,i,/,d,_,u,p,l,o,a,d,_,t,t,n,/,s,c,e,n,e,a,d,m,i,n,/,i,m,a,g,e,/,A,0,/,B,0,/,C,0,/,D,0,/,E,1,9,6,/,F,7,6,2,/,8,d,8,f,3,9,9,9,-,1,0,5,b,-,4,7,b,0,-,9,d,e,e,-,3,9,7,8,6,b,5,6,8,c,3,a,.,j,p,g,h,t,t,p,s,:,/,/,w,w,w,.,t,r,a,v,e,l,.,t,a,i,p,e,i,/,d,_,u,p,l,o,a,d,_,t,t,n,/,s,c,e,n,e,a,d,m,i,n,/,i,m,a,g,e,/,A,0,/,B,0,/,C,0,/,D,0,/,E,1,9,7,/,F,9,8,6,/,6,5,0,6,b,4,b,3,-,4,c,b,a,-,4,9,2,9,-,9,d,7,d,-,8,0,a,7,9,2,6,6,4,2,a,0,.,j,p,g,h,t,t,p,s,:,/,/,w,w,w,.,t,r,a,v,e,l,.,t,a,i,p,e,i,/,d,_,u,p,l,o,a,d,_,t,t,n,/,s,c,e,n,e,a,d,m,i,n,/,i,m,a,g,e,/,A,0,/,B,0,/,C,1,/,D,1,6,7,/,E,8,8,4,/,F,8,9,7,/,c,8,e,0,6,6,f,c,-,3,b,1,7,-,4,e,e,c,-,b,3,f,f,-,2,d,b,0,4,f,f,8,d,8,7,a,.,J,P,G,h,t,t,p,s,:,/,/,w,w,w,.,t,r,a,v,e,l,.,t,a,i,p,e,i,/,d,_,u,p,l,o,a,d,_,t,t,n,/,s,c,e,n,e,a,d,m,i,n,/,i,m,a,g,e,/,A,0,/,B,0,/,C,1,/,D,4,5,5,/,E,3,6,/,F,4,6,2,/,1,c,9,0,8,2,1,c,-,b,7,1,8,-,4,2,1,2,-,a,c,3,e,-,6,f,0,7,c,b,d,8,3,5,1,8,.,J,P,G,h,t,t,p,s,:,/,/,w,w,w,.,t,r,a,v,e,l,.,t,a,i,p,e,i,/,d,_,u,p,l,o,a,d,_,t,t,n,/,s,c,e,n,e,a,d,m,i,n,/,i,m,a,g,e,/,A,0,/,B,0,/,C,0,/,D,7,5,8,/,E,8,5,4,/,F,6,/,6,7,6,d,0,4,4,4,-,3,a,c,7,-,4,f,4,9,-,9,c,b,e,-,5,f,9,b,0,0,f,5,d,4,c,4,.,J,P,G,h,t,t,p,s,:,/,/,w,w,w,.,t,r,a,v,e,l,.,t,a,i,p,e,i,/,d,_,u,p,l,o,a,d,_,t,t,n,/,s,c,e,n,e,a,d,m,i,n,/,i,m,a,g,e,/,A,0,/,B,0,/,C,1,/,D,2,2,3,/,E,2,9,0,/,F,2,0,4,/,7,b,0,d,3,5,a,c,-,3,3,f,2,-,4,5,c,e,-,9,d,7,9,-,d,4,2,7,9,7,0,5,5,3,f,3,.,J,P,G,h,t,t,p,s,:,/,/,w,w,w,.,t,r,a,v,e,l,.,t,a,i,p,e,i,/,s,t,r,e,a,m,s,/,s,c,e,n,e,r,y,_,f,i,l,e,_,a,u,d,i,o,/,c,1,4,.,m,p,3,""""
"""",台,北,霞,海,城,隍,廟,"""","""",臺,北,市, , ,大,同,區,迪,化,街,1,段,6,1,號,"""","""",1,2,1,.,5,1,0,0,8,5,"""","""",2,5,.,0,5,5,5,6,5,"""","""",h,t,t,p,s,:,/,/,w,w,w,.,t,r,a,v,e,l,.,t,a,i,p,e,i,/,d,_,u,p,l,o,a,d,_,t,t,n,/,s,c,e,n,e,a,d,m,i,n,/,p,i,c,/,1,1,0,0,0,9,3,0,.,j,p,g,h,t,t,p,s,:,/,/,w,w,w,.,t,r,a,v,e,l,.,t,a,i,p,e,i,/,d,_,u,p,l,o,a,d,_,t,t,n,/,s,c,e,n,e,a,d,m,i,n,/,i,m,a,g,e,/,A,0,/,B,0,/,C,0,/,D,6,9,2,/,E,5,1,1,/,F,9,9,/,4,0,0,3,7,5,a,8,-,7,d,c,f,-,4,2,4,4,-,a,7,4,5,-,0,4,c,6,4,4,b,5,4,4,4,6,.,J,P,G,h,t,t,p,s,:,/,/,w,w,w,.,t,r,a,v,e,l,.,t,a,i,p,e,i,/,d,_,u,p,l,o,a,d,_,t,t,n,/,s,c,e,n,e,a,d,m,i,n,/,i,m,a,g,e,/,A,0,/,B,0,/,C,1,/,D,3,5,0,/,E,3,9,/,F,8,5,9,/,a,b,e,7,c,c,c,f,-,7,7,4,b,-,4,3,2,4,-,a,d,7,9,-,1,d,c,0,e,6,4,3,f,5,c,d,.,J,P,G,h,t,t,p,s,:,/,/,w,w,w,.,t,r,a,v,e,l,.,t,a,i,p,e,i,/,d,_,u,p,l,o,a,d,_,t,t,n,/,s,c,e,n,e,a,d,m,i,n,/,i,m,a,g,e,/,A,0,/,B,0,/,C,0,/,D,7,9,/,E,7,3,5,/,F,6,8,5,/,5,9,3,d,e,6,f,4,-,9,f,d,f,-,4,d,7,b,-,9,3,b,1,-,b,c,3,9,b,3,6,c,9,8,6,c,.,J,P,G,h,t,t,p,s,:,/,/,w,w,w,.,t,r,a,v,e,l,.,t,a,i,p,e,i,/,d,_,u,p,l,o,a,d,_,t,t,n,/,s,c,e,n,e,a,d,m,i,n,/,i,m,a,g,e,/,A,0,/,B,0,/,C,1,/,D,3,3,2,/,E,7,6,4,/,F,7,3,0,/,f,3,9,5,c,1,d,b,-,3,c,d,c,-,4,c,d,3,-,8,e,d,0,-,3,8,5,0,4,7,d,c,c,f,d,4,.,J,P,G,h,t,t,p,s,:,/,/,w,w,w,.,t,r,a,v,e,l,.,t,a,i,p,e,i,/,s,t,r,e,a,m,s,/,s,c,e,n,e,a,d,m,i,n,/,v,i,d,e,o,/,1,0,0,C,2,.,m,p,3,h,t,t,p,s,:,/,/,w,w,w,.,t,r,a,v,e,l,.,t,a,i,p,e,i,/,s,t,r,e,a,m,s,/,v,i,d,e,o,/,D,I,S,C,1,-,1,0,.,f,l,v,""""
"""",國,父,紀,念,館,"""","""",臺,北,市, , ,信,義,區,仁,愛,路,4,段,5,0,5,號,"""","""",1,2,1,.,5,6,0,3,1,4,"""","""",2,5,.,0,4,0,0,5,5,"""","""",h,t,t,p,s,:,/,/,w,w,w,.,t,r,a,v,e,l,.,t,a,i,p,e,i,/,d,_,u,p,l,o,a,d,_,t,t,n,/,s,c,e,n,e,a,d,m,i,n,/,p,i,c,/,1,1,0,0,0,3,5,8,.,j,p,g,h,t,t,p,s,:,/,/,w,w,w,.,t,r,a,v,e,l,.,t,a,i,p,e,i,/,d,_,u,p,l,o,a,d,_,t,t,n,/,s,c,e,n,e,a,d,m,i,n,/,i,m,a,g,e,/,A,0,/,B,0,/,C,0,/,D,7,5,6,/,E,2,8,5,/,F,3,1,7,/,2,e,c,e,2,3,0,9,-,3,d,1,c,-,4,9,d,a,-,8,d,3,a,-,3,2,e,0,2,2,7,e,7,7,3,2,.,J,P,G,h,t,t,p,s,:,/,/,w,w,w,.,t,r,a,v,e,l,.,t,a,i,p,e,i,/,d,_,u,p,l,o,a,d,_,t,t,n,/,s,c,e,n,e,a,d,m,i,n,/,i,m,a,g,e,/,A,0,/,B,0,/,C,1,/,D,3,7,9,/,E,1,1,8,/,F,2,5,/,5,5,4,5,8,6,c,b,-,c,f,2,d,-,4,0,e,f,-,9,b,6,a,-,5,5,f,c,f,8,d,9,e,5,9,8,.,J,P,G,h,t,t,p,s,:,/,/,w,w,w,.,t,r,a,v,e,l,.,t,a,i,p,e,i,/,d,_,u,p,l,o,a,d,_,t,t,n,/,s,c,e,n,e,a,d,m,i,n,/,i,m,a,g,e,/,A,0,/,B,0,/,C,1,/,D,8,5,6,/,E,1,3,0,/,F,3,6,6,/,2,1,e,d,2,d,1,7,-,7,6,1,0,-,4,a,d,2,-,b,5,1,7,-,5,b,1,b,0,0,0,7,6,1,2,a,.,J,P,G,h,t,t,p,s,:,/,/,w,w,w,.,t,r,a,v,e,l,.,t,a,i,p,e,i,/,d,_,u,p,l,o,a,d,_,t,t,n,/,s,c,e,n,e,a,d,m,i,n,/,p,i,c,/,1,1,0,0,0,3,6,0,.,j,p,g,h,t,t,p,s,:,/,/,w,w,w,.,t,r,a,v,e,l,.,t,a,i,p,e,i,/,d,_,u,p,l,o,a,d,_,t,t,n,/,s,c,e,n,e,a,d,m,i,n,/,i,m,a,g,e,/,A,0,/,B,0,/,C,1,/,D,3,5,6,/,E,1,7,/,F,1,8,5,/,b,1,a,2,d,e,5,2,-,4,1,1,0,-,4,3,5,5,-,a,9,f,b,-,b,f,1,d,0,e,b,6,2,7,c,9,.,J,P,G,h,t,t,p,s,:,/,/,w,w,w,.,t,r,a,v,e,l,.,t,a,i,p,e,i,/,d,_,u,p,l,o,a,d,_,t,t,n,/,s,c,e,n,e,a,d,m,i,n,/,i,m,a,g,e,/,A,0,/,B,0,/,C,0,/,D,5,9,3,/,E,1,0,3,/,F,2,8,5,/,1,6,3,3,c,3,1,1,-,e,1,4,8,-,4,d,0,3,-,b,b,4,3,-,2,9,2,d,8,1,6,9,5,1,d,2,.,J,P,G,h,t,t,p,s,:,/,/,w,w,w,.,t,r,a,v,e,l,.,t,a,i,p,e,i,/,d,_,u,p,l,o,a,d,_,t,t,n,/,s,c,e,n,e,a,d,m,i,n,/,p,i,c,/,1,1,0,0,0,3,5,9,.,j,p,g,h,t,t,p,s,:,/,/,w,w,w,.,t,r,a,v,e,l,.,t,a,i,p,e,i,/,s,t,r,e,a,m,s,/,s,c,e,n,e,r,y,_,f,i,l,e,_,a,u,d,i,o,/,c,0,3,.,m,p,3,""""
"""",陽,明,山,國,家,公,園,"""","""",臺,北,市, , ,士,林,區,竹,子,湖,路,1,-,2,0,號,(,陽,明,山,國,家,公,園,管,理,處,),"""","""",1,2,1,.,5,4,7,7,4,2,"""","""",2,5,.,1,5,5,7,9,"""","""",h,t,t,p,s,:,/,/,w,w,w,.,t,r,a,v,e,l,.,t,a,i,p,e,i,/,d,_,u,p,l,o,a,d,_,t,t,n,/,s,c,e,n,e,a,d,m,i,n,/,p,i,c,/,1,1,0,0,3,9,9,4,.,J,P,G,h,t,t,p,s,:,/,/,w,w,w,.,t,r,a,v,e,l,.,t,a,i,p,e,i,/,d,_,u,p,l,o,a,d,_,t,t,n,/,s,c,e,n,e,a,d,m,i,n,/,p,i,c,/,1,1,0,0,3,9,9,5,.,J,P,G,h,t,t,p,s,:,/,/,w,w,w,.,t,r,a,v,e,l,.,t,a,i,p,e,i,/,d,_,u,p,l,o,a,d,_,t,t,n,/,s,c,e,n,e,a,d,m,i,n,/,p,i,c,/,1,1,0,0,3,9,9,6,.,j,p,g,""""
"""",臺,北,市,立,動,物,園,"""","""",臺,北,市, , ,文,山,區,新,光,路,二,段,3,0,號,"""","""",1,2,1,.,5,8,2,1,1,"""","""",2,4,.,9,9,8,8,3,"""","""",h,t,t,p,s,:,/,/,w,w,w,.,t,r,a,v,e,l,.,t,a,i,p,e,i,/,d,_,u,p,l,o,a,d,_,t,t,n,/,s,c,e,n,e,a,d,m,i,n,/,p,i,c,/,1,1,0,0,3,9,9,7,.,J,P,G,h,t,t,p,s,:,/,/,w,w,w,.,t,r,a,v,e,l,.,t,a,i,p,e,i,/,d,_,u,p,l,o,a,d,_,t,t,n,/,s,c,e,n,e,a,d,m,i,n,/,p,i,c,/,1,1,0,0,3,9,9,8,.,J,P,G,h,t,t,p,s,:,/,/,w,w,w,.,t,r,a,v,e,l,.,t,a,i,p,e,i,/,d,_,u,p,l,o,a,d,_,t,t,n,/,s,c,e,n,e,a,d,m,i,n,/,p,i,c,/,1,1,0,0,3,9,9,9,.,J,P,G,h,t,t,p,s,:,/,/,w,w,w,.,t,r,a,v,e,l,.,t,a,i,p,e,i,/,s,t,r,e,a,m,s,/,s,c,e,n,e,r,y,_,f,i,l,e,_,a,u,d,i,o,/,c,1,3,.,m,p,3,""""
"""",碧,湖,公,園,"""","""",臺,北,市, , ,內,湖,區,內,湖,路,2,段,1,7,5,號,"""","""",1,2,1,.,5,8,1,2,4,4,"""","""",2,5,.,0,8,2,2,2,0,"""","""",h,t,t,p,s,:,/,/,w,w,w,.,t,r,a,v,e,l,.,t,a,i,p,e,i,/,d,_,u,p,l,o,a,d,_,t,t,n,/,s,c,e,n,e,a,d,m,i,n,/,p,i,c,/,1,1,0,0,2,9,3,6,.,j,p,g,h,t,t,p,s,:,/,/,w,w,w,.,t,r,a,v,e,l,.,t,a,i,p,e,i,/,d,_,u,p,l,o,a,d,_,t,t,n,/,s,c,e,n,e,a,d,m,i,n,/,p,i,c,/,1,1,0,0,2,9,3,7,.,j,p,g,h,t,t,p,s,:,/,/,w,w,w,.,t,r,a,v,e,l,.,t,a,i,p,e,i,/,d,_,u,p,l,o,a,d,_,t,t,n,/,s,c,e,n,e,a,d,m,i,n,/,p,i,c,/,1,1,0,0,2,9,3,8,.,j,p,g,h,t,t,p,s,:,/,/,w,w,w,.,t,r,a,v,e,l,.,t,a,i,p,e,i,/,d,_,u,p,l,o,a,d,_,t,t,n,/,s,c,e,n,e,a,d,m,i,n,/,i,m,a,g,e,/,A,0,/,B,0,/,C,1,/,D,9,8,2,/,E,3,2,5,/,F,6,2,2,/,4,c,5,f,8,c,e,8,-,7,7,0,9,-,4,9,6,6,-,8,6,5,6,-,7,b,d,7,f,d,f,5,7,6,b,6,.,j,p,g,h,t,t,p,s,:,/,/,w,w,w,.,t,r,a,v,e,l,.,t,a,i,p,e,i,/,d,_,u,p,l,o,a,d,_,t,t,n,/,s,c,e,n,e,a,d,m,i,n,/,i,m,a,g,e,/,A,0,/,B,0,/,C,0,/,D,8,4,5,/,E,4,1,7,/,F,6,8,5,/,0,4,5,1,7,1,b,3,-,3,9,1,d,-,4,c,9,d,-,8,b,c,b,-,f,c,1,9,5,0,4,6,6,5,8,a,.,j,p,g,h,t,t,p,s,:,/,/,w,w,w,.,t,r,a,v,e,l,.,t,a,i,p,e,i,/,d,_,u,p,l,o,a,d,_,t,t,n,/,s,c,e,n,e,a,d,m,i,n,/,i,m,a,g,e,/,A,0,/,B,0,/,C,0,/,D,5,2,7,/,E,9,2,9,/,F,2,5,4,/,7,7,2,3,1,0,f,f,-,c,d,e,6,-,4,9,f,6,-,a,0,9,8,-,4,4,e,3,8,4,7,0,3,b,b,f,.,j,p,g,h,t,t,p,s,:,/,/,w,w,w,.,t,r,a,v,e,l,.,t,a,i,p,e,i,/,d,_,u,p,l,o,a,d,_,t,t,n,/,s,c,e,n,e,a,d,m,i,n,/,i,m,a,g,e,/,A,0,/,B,0,/,C,0,/,D,5,2,1,/,E,5,8,2,/,F,3,2,2,/,1,8,f,d,4,2,a,f,-,1,1,8,6,-,4,2,1,7,-,b,0,5,d,-,3,6,6,d,1,6,2,c,a,4,b,0,.,j,p,g,""""
"""",基,隆,河,左,、,右,岸,親,水,"""","""",臺,北,市, , ,士,林,區,基,隆,河,左,、,右,岸,"""","""",1,2,1,.,5,3,0,2,3,9,"""","""",2,5,.,0,7,1,6,6,8,"""","""",h,t,t,p,s,:,/,/,w,w,w,.,t,r,a,v,e,l,.,t,a,i,p,e,i,/,d,_,u,p,l,o,a,d,_,t,t,n,/,s,c,e,n,e,a,d,m,i,n,/,p,i,c,/,1,1,0,0,0,8,4,0,.,j,p,g,h,t,t,p,s,:,/,/,w,w,w,.,t,r,a,v,e,l,.,t,a,i,p,e,i,/,d,_,u,p,l,o,a,d,_,t,t,n,/,s,c,e,n,e,a,d,m,i,n,/,p,i,c,/,1,1,0,0,0,8,4,1,.,j,p,g,h,t,t,p,s,:,/,/,w,w,w,.,t,r,a,v,e,l,.,t,a,i,p,e,i,/,d,_,u,p,l,o,a,d,_,t,t,n,/,s,c,e,n,e,a,d,m,i,n,/,p,i,c,/,1,1,0,0,0,8,4,2,.,j,p,g,""""
"""",大,湖,公,園,"""","""",臺,北,市, , ,內,湖,區,成,功,路,5,段,3,1,號,"""","""",1,2,1,.,6,0,2,3,1,"""","""",2,5,.,0,8,2,8,2,"""","""",h,t,t,p,s,:,/,/,w,w,w,.,t,r,a,v,e,l,.,t,a,i,p,e,i,/,d,_,u,p,l,o,a,d,_,t,t,n,/,s,c,e,n,e,a,d,m,i,n,/,i,m,a,g,e,/,A,0,/,B,0,/,C,0,/,D,7,2,7,/,E,8,7,4,/,F,7,3,2,/,1,f,4,0,d,b,6,0,-,d,e,d,0,-,4,1,6,a,-,9,7,6,e,-,b,a,e,e,a,0,4,6,4,d,8,e,.,j,p,g,h,t,t,p,s,:,/,/,w,w,w,.,t,r,a,v,e,l,.,t,a,i,p,e,i,/,d,_,u,p,l,o,a,d,_,t,t,n,/,s,c,e,n,e,a,d,m,i,n,/,i,m,a,g,e,/,A,0,/,B,0,/,C,0,/,D,6,0,1,/,E,9,7,3,/,F,1,5,3,/,a,4,a,f,3,5,d,8,-,0,8,c,4,-,4,1,d,1,-,9,3,6,3,-,a,0,a,9,f,5,5,a,d,5,c,8,.,j,p,g,h,t,t,p,s,:,/,/,w,w,w,.,t,r,a,v,e,l,.,t,a,i,p,e,i,/,d,_,u,p,l,o,a,d,_,t,t,n,/,s,c,e,n,e,a,d,m,i,n,/,i,m,a,g,e,/,A,0,/,B,0,/,C,2,/,D,4,9,/,E,3,6,3,/,F,2,6,7,/,1,0,e,3,7,3,7,2,-,1,7,d,6,-,4,7,7,f,-,a,e,b,0,-,e,d,8,a,d,0,a,2,d,f,2,5,.,j,p,g,h,t,t,p,s,:,/,/,w,w,w,.,t,r,a,v,e,l,.,t,a,i,p,e,i,/,d,_,u,p,l,o,a,d,_,t,t,n,/,s,c,e,n,e,a,d,m,i,n,/,i,m,a,g,e,/,A,0,/,B,0,/,C,0,/,D,4,5,8,/,E,6,3,3,/,F,2,2,8,/,e,a,f,b,1,f,d,e,-,1,3,f,7,-,4,3,4,1,-,8,a,a,b,-,d,6,d,4,9,a,e,8,a,e,9,5,.,j,p,g,h,t,t,p,s,:,/,/,w,w,w,.,t,r,a,v,e,l,.,t,a,i,p,e,i,/,d,_,u,p,l,o,a,d,_,t,t,n,/,s,c,e,n,e,a,d,m,i,n,/,i,m,a,g,e,/,A,0,/,B,0,/,C,0,/,D,3,8,8,/,E,0,/,F,1,5,5,/,2,d,1,e,7,3,8,2,-,2,d,5,0,-,4,8,4,2,-,9,a,d,5,-,2,b,c,1,a,2,e,a,f,c,8,1,.,j,p,g,h,t,t,p,s,:,/,/,w,w,w,.,t,r,a,v,e,l,.,t,a,i,p,e,i,/,d,_,u,p,l,o,a,d,_,t,t,n,/,s,c,e,n,e,a,d,m,i,n,/,p,i,c,/,1,1,0,0,2,9,3,2,.,j,p,g,h,t,t,p,s,:,/,/,w,w,w,.,t,r,a,v,e,l,.,t,a,i,p,e,i,/,d,_,u,p,l,o,a,d,_,t,t,n,/,s,c,e,n,e,a,d,m,i,n,/,p,i,c,/,1,1,0,0,2,9,3,0,.,j,p,g,h,t,t,p,s,:,/,/,w,w,w,.,t,r,a,v,e,l,.,t,a,i,p,e,i,/,d,_,u,p,l,o,a,d,_,t,t,n,/,s,c,e,n,e,a,d,m,i,n,/,p,i,c,/,1,1,0,0,2,9,3,1,.,j,p,g,""""
"""",臺,北,忠,烈,祠,"""","""",臺,北,市, , ,中,山,區,北,安,路,1,3,9,號,"""","""",1,2,1,.,5,3,3,0,"""","""",2,5,.,0,7,8,8,"""","""",h,t,t,p,s,:,/,/,w,w,w,.,t,r,a,v,e,l,.,t,a,i,p,e,i,/,d,_,u,p,l,o,a,d,_,t,t,n,/,s,c,e,n,e,a,d,m,i,n,/,p,i,c,/,1,1,0,0,0,7,9,1,.,j,p,g,h,t,t,p,s,:,/,/,w,w,w,.,t,r,a,v,e,l,.,t,a,i,p,e,i,/,d,_,u,p,l,o,a,d,_,t,t,n,/,s,c,e,n,e,a,d,m,i,n,/,p,i,c,/,1,1,0,0,0,7,9,2,.,j,p,g,h,t,t,p,s,:,/,/,w,w,w,.,t,r,a,v,e,l,.,t,a,i,p,e,i,/,d,_,u,p,l,o,a,d,_,t,t,n,/,s,c,e,n,e,a,d,m,i,n,/,p,i,c,/,1,1,0,0,0,7,9,3,.,j,p,g,""""
"""",關,渡,碼,頭,-,甘,豆,門,"""","""",臺,北,市, , ,北,投,區,關,渡,碼,頭,"""","""",1,2,1,.,4,6,1,5,2,3,"""","""",2,5,.,1,2,2,5,0,7,"""","""",h,t,t,p,s,:,/,/,w,w,w,.,t,r,a,v,e,l,.,t,a,i,p,e,i,/,d,_,u,p,l,o,a,d,_,t,t,n,/,s,c,e,n,e,a,d,m,i,n,/,p,i,c,/,1,1,0,0,0,8,3,8,.,j,p,g,h,t,t,p,s,:,/,/,w,w,w,.,t,r,a,v,e,l,.,t,a,i,p,e,i,/,d,_,u,p,l,o,a,d,_,t,t,n,/,s,c,e,n,e,a,d,m,i,n,/,i,m,a,g,e,/,A,0,/,B,0,/,C,0,/,D,1,9,/,E,1,7,5,/,F,1,8,1,/,d,f,d,b,f,5,8,2,-,0,e,b,6,-,4,6,3,f,-,9,4,2,d,-,0,7,4,0,3,6,5,f,8,e,0,7,.,j,p,g,h,t,t,p,s,:,/,/,w,w,w,.,t,r,a,v,e,l,.,t,a,i,p,e,i,/,d,_,u,p,l,o,a,d,_,t,t,n,/,s,c,e,n,e,a,d,m,i,n,/,p,i,c,/,1,1,0,0,0,8,3,9,.,j,p,g,h,t,t,p,s,:,/,/,w,w,w,.,t,r,a,v,e,l,.,t,a,i,p,e,i,/,d,_,u,p,l,o,a,d,_,t,t,n,/,s,c,e,n,e,a,d,m,i,n,/,p,i,c,/,1,1,0,0,0,8,5,4,.,j,p,g,""""
"""",社,子,島,環,島,與,二,重,疏,洪,道,自,行,車,道,"""","""",臺,北,市, , ,士,林,區,延,平,北,路,七,段,"""","""",1,2,1,.,5,0,3,1,3,7,"""","""",2,5,.,0,8,9,5,2,"""","""",h,t,t,p,s,:,/,/,w,w,w,.,t,r,a,v,e,l,.,t,a,i,p,e,i,/,d,_,u,p,l,o,a,d,_,t,t,n,/,s,c,e,n,e,a,d,m,i,n,/,p,i,c,/,1,1,0,0,0,8,4,6,.,j,p,g,h,t,t,p,s,:,/,/,w,w,w,.,t,r,a,v,e,l,.,t,a,i,p,e,i,/,d,_,u,p,l,o,a,d,_,t,t,n,/,s,c,e,n,e,a,d,m,i,n,/,p,i,c,/,1,1,0,0,0,8,4,7,.,j,p,g,h,t,t,p,s,:,/,/,w,w,w,.,t,r,a,v,e,l,.,t,a,i,p,e,i,/,d,_,u,p,l,o,a,d,_,t,t,n,/,s,c,e,n,e,a,d,m,i,n,/,i,m,a,g,e,/,A,0,/,B,0,/,C,0,/,D,1,0,/,E,9,0,3,/,F,3,3,7,/,b,2,0,f,d,1,0,4,-,4,a,4,8,-,4,3,9,d,-,8,3,0,0,-,6,5,b,e,9,a,b,2,4,e,2,7,.,j,p,g,h,t,t,p,s,:,/,/,w,w,w,.,t,r,a,v,e,l,.,t,a,i,p,e,i,/,d,_,u,p,l,o,a,d,_,t,t,n,/,s,c,e,n,e,a,d,m,i,n,/,i,m,a,g,e,/,A,0,/,B,0,/,C,0,/,D,2,3,/,E,5,3,/,F,7,1,2,/,c,1,8,b,5,6,0,3,-,0,f,d,6,-,4,f,4,f,-,b,7,b,7,-,c,6,1,d,f,e,4,c,7,c,6,2,.,j,p,g,h,t,t,p,s,:,/,/,w,w,w,.,t,r,a,v,e,l,.,t,a,i,p,e,i,/,d,_,u,p,l,o,a,d,_,t,t,n,/,s,c,e,n,e,a,d,m,i,n,/,i,m,a,g,e,/,A,0,/,B,0,/,C,0,/,D,2,8,/,E,4,9,2,/,F,5,3,9,/,c,0,0,8,d,3,1,1,-,b,3,4,7,-,4,b,2,6,-,9,b,a,e,-,e,9,7,f,0,2,6,1,4,5,8,0,.,j,p,g,""""
"""",七,星,山,系,-,天,母,古,道,親,山,步,道,"""","""",臺,北,市, , ,士,林,區,中,山,北,路,7,段,2,3,2,巷,"""","""",1,2,1,.,5,3,4,1,0,1,"""","""",2,5,.,1,2,6,8,7,8,"""","""",h,t,t,p,s,:,/,/,w,w,w,.,t,r,a,v,e,l,.,t,a,i,p,e,i,/,d,_,u,p,l,o,a,d,_,t,t,n,/,s,c,e,n,e,a,d,m,i,n,/,p,i,c,/,1,1,0,0,0,3,7,7,.,j,p,g,h,t,t,p,s,:,/,/,w,w,w,.,t,r,a,v,e,l,.,t,a,i,p,e,i,/,d,_,u,p,l,o,a,d,_,t,t,n,/,s,c,e,n,e,a,d,m,i,n,/,p,i,c,/,1,1,0,0,0,3,7,8,.,j,p,g,h,t,t,p,s,:,/,/,w,w,w,.,t,r,a,v,e,l,.,t,a,i,p,e,i,/,d,_,u,p,l,o,a,d,_,t,t,n,/,s,c,e,n,e,a,d,m,i,n,/,p,i,c,/,1,1,0,0,0,3,7,9,.,j,p,g,h,t,t,p,s,:,/,/,w,w,w,.,t,r,a,v,e,l,.,t,a,i,p,e,i,/,d,_,u,p,l,o,a,d,_,t,t,n,/,s,c,e,n,e,a,d,m,i,n,/,p,i,c,/,1,0,0,0,2,9,7,9,.,j,p,g,h,t,t,p,s,:,/,/,w,w,w,.,t,r,a,v,e,l,.,t,a,i,p,e,i,/,d,_,u,p,l,o,a,d,_,t,t,n,/,s,c,e,n,e,a,d,m,i,n,/,p,i,c,/,1,0,0,0,2,9,8,0,.,j,p,g,h,t,t,p,s,:,/,/,w,w,w,.,t,r,a,v,e,l,.,t,a,i,p,e,i,/,s,t,r,e,a,m,s,/,v,i,d,e,o,/,D,I,S,C,4,-,3,.,f,l,v,""""
"""",台,北,當,代,藝,術,館,"""","""",臺,北,市, , ,大,同,區,長,安,西,路,3,9,號,"""","""",1,2,1,.,5,1,8,9,2,"""","""",2,5,.,0,5,0,7,2,"""","""",h,t,t,p,s,:,/,/,w,w,w,.,t,r,a,v,e,l,.,t,a,i,p,e,i,/,d,_,u,p,l,o,a,d,_,t,t,n,/,s,c,e,n,e,a,d,m,i,n,/,p,i,c,/,1,1,0,0,0,7,3,5,.,j,p,g,h,t,t,p,s,:,/,/,w,w,w,.,t,r,a,v,e,l,.,t,a,i,p,e,i,/,d,_,u,p,l,o,a,d,_,t,t,n,/,s,c,e,n,e,a,d,m,i,n,/,p,i,c,/,1,1,0,0,0,7,3,6,.,j,p,g,h,t,t,p,s,:,/,/,w,w,w,.,t,r,a,v,e,l,.,t,a,i,p,e,i,/,d,_,u,p,l,o,a,d,_,t,t,n,/,s,c,e,n,e,a,d,m,i,n,/,p,i,c,/,1,1,0,0,0,7,3,7,.,j,p,g,""""
"""",光,點,臺,北,"""","""",臺,北,市, , ,中,山,區,中,山,北,路,2,段,1,8,號,"""","""",1,2,1,.,5,2,2,4,5,0,"""","""",2,5,.,0,5,3,2,2,5,"""","""",h,t,t,p,s,:,/,/,w,w,w,.,t,r,a,v,e,l,.,t,a,i,p,e,i,/,d,_,u,p,l,o,a,d,_,t,t,n,/,s,c,e,n,e,a,d,m,i,n,/,p,i,c,/,1,1,0,0,0,3,9,4,.,j,p,g,h,t,t,p,s,:,/,/,w,w,w,.,t,r,a,v,e,l,.,t,a,i,p,e,i,/,d,_,u,p,l,o,a,d,_,t,t,n,/,s,c,e,n,e,a,d,m,i,n,/,p,i,c,/,1,1,0,0,0,3,9,5,.,j,p,g,h,t,t,p,s,:,/,/,w,w,w,.,t,r,a,v,e,l,.,t,a,i,p,e,i,/,d,_,u,p,l,o,a,d,_,t,t,n,/,s,c,e,n,e,a,d,m,i,n,/,p,i,c,/,1,1,0,0,0,3,9,6,.,j,p,g,h,t,t,p,s,:,/,/,w,w,w,.,t,r,a,v,e,l,.,t,a,i,p,e,i,/,s,t,r,e,a,m,s,/,v,i,d,e,o,/,D,I,S,C,1,-,0,2,.,f,l,v,""""
"""",臺,北,市,立,美,術,館,"""","""",臺,北,市, , ,中,山,區,中,山,北,路,3,段,1,8,1,號,"""","""",1,2,1,.,5,2,4,3,4,0,"""","""",2,5,.,0,7,2,8,5,2,"""","""",h,t,t,p,s,:,/,/,w,w,w,.,t,r,a,v,e,l,.,t,a,i,p,e,i,/,d,_,u,p,l,o,a,d,_,t,t,n,/,s,c,e,n,e,a,d,m,i,n,/,i,m,a,g,e,/,A,0,/,B,0,/,C,0,/,D,5,3,2,/,E,8,2,2,/,F,5,3,0,/,e,1,6,8,7,8,9,d,-,2,c,3,5,-,4,c,1,8,-,a,f,0,7,-,0,4,1,8,5,6,0,1,e,3,d,a,.,j,p,g,h,t,t,p,s,:,/,/,w,w,w,.,t,r,a,v,e,l,.,t,a,i,p,e,i,/,d,_,u,p,l,o,a,d,_,t,t,n,/,s,c,e,n,e,a,d,m,i,n,/,i,m,a,g,e,/,A,0,/,B,0,/,C,1,/,D,3,4,4,/,E,4,8,4,/,F,7,7,1,/,2,d,2,e,c,c,e,f,-,1,6,2,e,-,4,a,c,4,-,9,7,2,2,-,f,c,3,b,0,e,2,c,6,1,1,0,.,j,p,g,h,t,t,p,s,:,/,/,w,w,w,.,t,r,a,v,e,l,.,t,a,i,p,e,i,/,d,_,u,p,l,o,a,d,_,t,t,n,/,s,c,e,n,e,a,d,m,i,n,/,i,m,a,g,e,/,A,0,/,B,0,/,C,0,/,D,4,0,4,/,E,5,9,2,/,F,2,9,1,/,4,d,f,d,6,6,3,8,-,a,2,4,c,-,4,9,8,3,-,8,1,e,f,-,5,e,9,1,d,7,3,a,c,c,b,0,.,j,p,g,h,t,t,p,s,:,/,/,w,w,w,.,t,r,a,v,e,l,.,t,a,i,p,e,i,/,d,_,u,p,l,o,a,d,_,t,t,n,/,s,c,e,n,e,a,d,m,i,n,/,i,m,a,g,e,/,A,0,/,B,0,/,C,0,/,D,3,3,1,/,E,4,2,2,/,F,1,3,1,/,6,8,4,f,3,e,f,d,-,9,b,6,1,-,4,f,2,5,-,a,8,3,2,-,3,6,d,e,3,7,7,c,6,9,e,c,.,j,p,g,h,t,t,p,s,:,/,/,w,w,w,.,t,r,a,v,e,l,.,t,a,i,p,e,i,/,d,_,u,p,l,o,a,d,_,t,t,n,/,s,c,e,n,e,a,d,m,i,n,/,i,m,a,g,e,/,A,0,/,B,0,/,C,0,/,D,3,2,2,/,E,3,8,8,/,F,9,3,9,/,2,2,f,4,0,1,6,c,-,a,4,0,c,-,4,9,4,2,-,a,0,9,f,-,c,f,7,7,5,4,f,0,a,0,0,0,.,j,p,g,h,t,t,p,s,:,/,/,w,w,w,.,t,r,a,v,e,l,.,t,a,i,p,e,i,/,d,_,u,p,l,o,a,d,_,t,t,n,/,s,c,e,n,e,a,d,m,i,n,/,i,m,a,g,e,/,A,0,/,B,0,/,C,0,/,D,1,0,7,/,E,1,2,3,/,F,3,6,0,/,4,6,e,d,f,2,6,9,-,3,1,c,1,-,4,3,c,b,-,9,8,b,d,-,4,4,0,1,b,5,3,d,5,3,a,b,.,j,p,g,h,t,t,p,s,:,/,/,w,w,w,.,t,r,a,v,e,l,.,t,a,i,p,e,i,/,d,_,u,p,l,o,a,d,_,t,t,n,/,s,c,e,n,e,a,d,m,i,n,/,i,m,a,g,e,/,A,0,/,B,0,/,C,1,/,D,2,4,8,/,E,3,5,7,/,F,6,1,9,/,e,f,b,1,e,8,6,c,-,1,e,d,3,-,4,b,e,f,-,a,e,a,4,-,9,c,2,f,f,3,f,1,f,2,d,9,.,j,p,g,h,t,t,p,s,:,/,/,w,w,w,.,t,r,a,v,e,l,.,t,a,i,p,e,i,/,d,_,u,p,l,o,a,d,_,t,t,n,/,s,c,e,n,e,a,d,m,i,n,/,i,m,a,g,e,/,A,0,/,B,0,/,C,2,/,D,9,8,/,E,2,2,7,/,F,4,3,7,/,0,8,3,3,4,d,3,d,-,f,a,e,9,-,4,6,a,b,-,8,f,4,6,-,8,2,f,3,f,4,5,e,3,2,f,e,.,j,p,g,h,t,t,p,s,:,/,/,w,w,w,.,t,r,a,v,e,l,.,t,a,i,p,e,i,/,d,_,u,p,l,o,a,d,_,t,t,n,/,s,c,e,n,e,a,d,m,i,n,/,i,m,a,g,e,/,A,0,/,B,0,/,C,1,/,D,1,3,6,/,E,5,8,7,/,F,7,2,5,/,f,0,5,9,5,5,d,1,-,7,1,9,8,-,4,0,6,2,-,b,6,1,9,-,1,f,6,6,5,8,3,5,5,3,0,5,.,j,p,g,h,t,t,p,s,:,/,/,w,w,w,.,t,r,a,v,e,l,.,t,a,i,p,e,i,/,d,_,u,p,l,o,a,d,_,t,t,n,/,s,c,e,n,e,a,d,m,i,n,/,i,m,a,g,e,/,A,0,/,B,0,/,C,2,/,D,4,5,/,E,1,6,5,/,F,5,6,4,/,f,3,9,e,e,d,e,8,-,3,5,d,8,-,4,3,3,1,-,a,1,f,d,-,8,2,f,4,2,2,0,9,e,6,5,f,.,j,p,g,h,t,t,p,s,:,/,/,w,w,w,.,t,r,a,v,e,l,.,t,a,i,p,e,i,/,d,_,u,p,l,o,a,d,_,t,t,n,/,s,c,e,n,e,a,d,m,i,n,/,i,m,a,g,e,/,A,0,/,B,0,/,C,1,/,D,2,5,1,/,E,5,1,2,/,F,5,9,1,/,5,7,b,2,4,3,6,6,-,f,7,8,1,-,4,0,e,5,-,b,0,f,a,-,d,a,e,8,d,e,3,4,e,3,4,d,.,j,p,g,h,t,t,p,s,:,/,/,w,w,w,.,t,r,a,v,e,l,.,t,a,i,p,e,i,/,d,_,u,p,l,o,a,d,_,t,t,n,/,s,c,e,n,e,a,d,m,i,n,/,i,m,a,g,e,/,A,0,/,B,0,/,C,1,/,D,4,8,9,/,E,5,2,9,/,F,9,5,/,7,c,9,d,5,e,5,a,-,b,3,8,d,-,4,a,5,a,-,9,e,1,b,-,0,8,a,6,1,4,a,4,b,a,f,1,.,j,p,g,h,t,t,p,s,:,/,/,w,w,w,.,t,r,a,v,e,l,.,t,a,i,p,e,i,/,d,_,u,p,l,o,a,d,_,t,t,n,/,s,c,e,n,e,a,d,m,i,n,/,i,m,a,g,e,/,A,0,/,B,0,/,C,2,/,D,1,2,2,/,E,1,4,0,/,F,2,5,0,/,7,3,3,8,3,1,d,0,-,e,6,e,3,-,4,5,8,7,-,b,4,9,6,-,1,b,d,e,4,d,b,a,a,a,a,7,.,j,p,g,h,t,t,p,s,:,/,/,w,w,w,.,t,r,a,v,e,l,.,t,a,i,p,e,i,/,s,t,r,e,a,m,s,/,s,c,e,n,e,r,y,_,f,i,l,e,_,a,u,d,i,o,/,c,2,2,.,m,p,3,""""
"""",行,天,宮,北,投,分,宮,-,忠,義,廟,"""","""",臺,北,市, , ,北,投,區,中,央,北,路,4,段,1,8,巷,5,0,號,"""","""",1,2,1,.,4,7,7,4,4,"""","""",2,5,.,1,3,7,4,8,"""","""",h,t,t,p,s,:,/,/,w,w,w,.,t,r,a,v,e,l,.,t,a,i,p,e,i,/,d,_,u,p,l,o,a,d,_,t,t,n,/,s,c,e,n,e,a,d,m,i,n,/,p,i,c,/,1,1,0,0,2,3,9,5,.,j,p,g,h,t,t,p,s,:,/,/,w,w,w,.,t,r,a,v,e,l,.,t,a,i,p,e,i,/,d,_,u,p,l,o,a,d,_,t,t,n,/,s,c,e,n,e,a,d,m,i,n,/,p,i,c,/,1,1,0,0,2,3,9,6,.,j,p,g,h,t,t,p,s,:,/,/,w,w,w,.,t,r,a,v,e,l,.,t,a,i,p,e,i,/,d,_,u,p,l,o,a,d,_,t,t,n,/,s,c,e,n,e,a,d,m,i,n,/,p,i,c,/,1,1,0,0,2,3,9,7,.,j,p,g,""""
"""",景,美,溪,左,、,右,岸,自,行,車,道,"""","""",臺,北,市, , ,文,山,區,木,柵,路,"""","""",1,2,1,.,5,8,7,4,5,1,"""","""",2,5,.,0,0,2,9,"""","""",h,t,t,p,s,:,/,/,w,w,w,.,t,r,a,v,e,l,.,t,a,i,p,e,i,/,d,_,u,p,l,o,a,d,_,t,t,n,/,s,c,e,n,e,a,d,m,i,n,/,p,i,c,/,1,1,0,0,0,8,4,4,.,j,p,g,h,t,t,p,s,:,/,/,w,w,w,.,t,r,a,v,e,l,.,t,a,i,p,e,i,/,d,_,u,p,l,o,a,d,_,t,t,n,/,s,c,e,n,e,a,d,m,i,n,/,p,i,c,/,1,1,0,0,0,8,4,5,.,j,p,g,""""
"""",國,立,歷,史,博,物,館,"""","""",臺,北,市, , ,中,正,區,南,海,路,4,9,號,"""","""",1,2,1,.,5,1,1,2,1,"""","""",2,5,.,0,3,1,6,1,"""","""",h,t,t,p,s,:,/,/,w,w,w,.,t,r,a,v,e,l,.,t,a,i,p,e,i,/,d,_,u,p,l,o,a,d,_,t,t,n,/,s,c,e,n,e,a,d,m,i,n,/,p,i,c,/,1,1,0,0,0,7,2,5,.,j,p,g,h,t,t,p,s,:,/,/,w,w,w,.,t,r,a,v,e,l,.,t,a,i,p,e,i,/,d,_,u,p,l,o,a,d,_,t,t,n,/,s,c,e,n,e,a,d,m,i,n,/,p,i,c,/,1,1,0,0,0,7,2,6,.,j,p,g,h,t,t,p,s,:,/,/,w,w,w,.,t,r,a,v,e,l,.,t,a,i,p,e,i,/,d,_,u,p,l,o,a,d,_,t,t,n,/,s,c,e,n,e,a,d,m,i,n,/,p,i,c,/,1,1,0,0,0,7,2,7,.,j,p,g,""""
"""",冷,水,坑,溫,泉,區,"""","""",臺,北,市, , ,士,林,區,菁,山,路,1,0,1,巷,1,7,0,號,"""","""",1,2,1,.,5,6,2,8,6,"""","""",2,5,.,1,6,7,9,1,"""","""",h,t,t,p,s,:,/,/,w,w,w,.,t,r,a,v,e,l,.,t,a,i,p,e,i,/,d,_,u,p,l,o,a,d,_,t,t,n,/,s,c,e,n,e,a,d,m,i,n,/,p,i,c,/,1,1,0,0,0,8,5,1,.,j,p,g,h,t,t,p,s,:,/,/,w,w,w,.,t,r,a,v,e,l,.,t,a,i,p,e,i,/,d,_,u,p,l,o,a,d,_,t,t,n,/,s,c,e,n,e,a,d,m,i,n,/,p,i,c,/,1,1,0,0,0,8,5,2,.,j,p,g,h,t,t,p,s,:,/,/,w,w,w,.,t,r,a,v,e,l,.,t,a,i,p,e,i,/,d,_,u,p,l,o,a,d,_,t,t,n,/,s,c,e,n,e,a,d,m,i,n,/,p,i,c,/,1,1,0,0,0,9,8,6,.,j,p,g,""""
"""",西,門,紅,樓,"""","""",臺,北,市, , ,萬,華,區,成,都,路,1,0,號,"""","""",1,2,1,.,5,0,6,8,8,5,"""","""",2,5,.,0,4,2,0,5,7,"""","""",h,t,t,p,s,:,/,/,w,w,w,.,t,r,a,v,e,l,.,t,a,i,p,e,i,/,d,_,u,p,l,o,a,d,_,t,t,n,/,s,c,e,n,e,a,d,m,i,n,/,i,m,a,g,e,/,A,0,/,B,0,/,C,1,/,D,2,3,7,/,E,8,7,8,/,F,7,2,1,/,4,0,7,9,b,e,2,8,-,4,2,b,c,-,4,1,5,3,-,a,e,b,d,-,6,a,1,c,b,e,a,8,4,d,5,e,.,j,p,g,h,t,t,p,s,:,/,/,w,w,w,.,t,r,a,v,e,l,.,t,a,i,p,e,i,/,d,_,u,p,l,o,a,d,_,t,t,n,/,s,c,e,n,e,a,d,m,i,n,/,i,m,a,g,e,/,A,0,/,B,0,/,C,0,/,D,0,/,E,1,9,6,/,F,3,9,4,/,0,4,a,2,5,3,b,f,-,b,f,c,9,-,4,a,9,3,-,8,6,b,2,-,4,c,2,4,1,b,2,a,a,5,9,6,.,j,p,g,h,t,t,p,s,:,/,/,w,w,w,.,t,r,a,v,e,l,.,t,a,i,p,e,i,/,d,_,u,p,l,o,a,d,_,t,t,n,/,s,c,e,n,e,a,d,m,i,n,/,i,m,a,g,e,/,A,0,/,B,0,/,C,0,/,D,0,/,E,1,9,6,/,F,3,9,5,/,1,a,8,5,6,a,c,f,-,5,7,e,e,-,4,6,5,8,-,8,1,7,8,-,7,d,2,f,5,a,5,5,7,b,c,f,.,j,p,g,h,t,t,p,s,:,/,/,w,w,w,.,t,r,a,v,e,l,.,t,a,i,p,e,i,/,d,_,u,p,l,o,a,d,_,t,t,n,/,s,c,e,n,e,a,d,m,i,n,/,i,m,a,g,e,/,A,0,/,B,0,/,C,0,/,D,0,/,E,1,9,7,/,F,9,8,2,/,f,8,4,a,0,c,5,0,-,2,0,6,6,-,4,9,f,f,-,b,2,1,4,-,7,6,f,8,8,2,0,8,4,f,6,8,.,j,p,g,h,t,t,p,s,:,/,/,w,w,w,.,t,r,a,v,e,l,.,t,a,i,p,e,i,/,d,_,u,p,l,o,a,d,_,t,t,n,/,s,c,e,n,e,a,d,m,i,n,/,i,m,a,g,e,/,A,0,/,B,0,/,C,0,/,D,0,/,E,1,9,6,/,F,3,9,3,/,a,2,a,a,5,5,a,3,-,d,2,4,b,-,4,d,0,f,-,a,6,c,7,-,5,4,0,c,4,1,5,f,d,6,9,3,.,j,p,g,h,t,t,p,s,:,/,/,w,w,w,.,t,r,a,v,e,l,.,t,a,i,p,e,i,/,s,t,r,e,a,m,s,/,s,c,e,n,e,r,y,_,f,i,l,e,_,a,u,d,i,o,/,c,0,7,.,m,p,3,h,t,t,p,s,:,/,/,w,w,w,.,t,r,a,v,e,l,.,t,a,i,p,e,i,/,s,t,r,e,a,m,s,/,v,i,d,e,o,/,D,I,S,C,3,-,2,.,f,l,v,""""
"""",松,山,慈,祐,宮,"""","""",臺,北,市, , ,松,山,區,八,德,路,4,段,7,6,1,號,"""","""",1,2,1,.,5,7,7,7,4,"""","""",2,5,.,0,5,1,0,3,"""","""",h,t,t,p,s,:,/,/,w,w,w,.,t,r,a,v,e,l,.,t,a,i,p,e,i,/,d,_,u,p,l,o,a,d,_,t,t,n,/,s,c,e,n,e,a,d,m,i,n,/,p,i,c,/,1,1,0,0,0,9,3,5,.,j,p,g,h,t,t,p,s,:,/,/,w,w,w,.,t,r,a,v,e,l,.,t,a,i,p,e,i,/,d,_,u,p,l,o,a,d,_,t,t,n,/,s,c,e,n,e,a,d,m,i,n,/,p,i,c,/,1,1,0,0,0,9,3,6,.,j,p,g,h,t,t,p,s,:,/,/,w,w,w,.,t,r,a,v,e,l,.,t,a,i,p,e,i,/,d,_,u,p,l,o,a,d,_,t,t,n,/,s,c,e,n,e,a,d,m,i,n,/,i,m,a,g,e,/,A,0,/,B,0,/,C,1,/,D,5,1,8,/,E,2,4,5,/,F,7,1,8,/,a,9,d,b,e,c,5,b,-,e,8,5,3,-,4,5,e,4,-,b,a,6,8,-,4,d,f,b,a,d,8,b,c,7,9,2,.,J,P,G,h,t,t,p,s,:,/,/,w,w,w,.,t,r,a,v,e,l,.,t,a,i,p,e,i,/,d,_,u,p,l,o,a,d,_,t,t,n,/,s,c,e,n,e,a,d,m,i,n,/,i,m,a,g,e,/,A,0,/,B,0,/,C,0,/,D,1,2,7,/,E,5,3,3,/,F,2,8,7,/,e,b,3,c,4,e,0,9,-,e,0,e,6,-,4,c,e,f,-,a,b,3,f,-,3,9,a,c,d,7,3,9,9,1,9,f,.,J,P,G,""""
"""",關,渡,宮,"""","""",臺,北,市, , ,北,投,區,知,行,路,3,6,0,號,"""","""",1,2,1,.,4,6,4,0,1,0,"""","""",2,5,.,1,1,7,6,5,5,"""","""",h,t,t,p,s,:,/,/,w,w,w,.,t,r,a,v,e,l,.,t,a,i,p,e,i,/,d,_,u,p,l,o,a,d,_,t,t,n,/,s,c,e,n,e,a,d,m,i,n,/,p,i,c,/,1,1,0,0,0,9,4,8,.,j,p,g,h,t,t,p,s,:,/,/,w,w,w,.,t,r,a,v,e,l,.,t,a,i,p,e,i,/,d,_,u,p,l,o,a,d,_,t,t,n,/,s,c,e,n,e,a,d,m,i,n,/,p,i,c,/,1,1,0,0,0,9,4,9,.,j,p,g,""""
"""",北,投,文,物,館,"""","""",臺,北,市, , ,北,投,區,幽,雅,路,3,2,號,"""","""",1,2,1,.,5,1,4,7,9,"""","""",2,5,.,1,3,8,1,9,"""","""",h,t,t,p,s,:,/,/,w,w,w,.,t,r,a,v,e,l,.,t,a,i,p,e,i,/,d,_,u,p,l,o,a,d,_,t,t,n,/,s,c,e,n,e,a,d,m,i,n,/,i,m,a,g,e,/,A,0,/,B,0,/,C,1,/,D,3,3,0,/,E,1,0,7,/,F,2,6,7,/,f,5,1,c,6,6,3,d,-,f,5,0,a,-,4,6,9,1,-,9,c,6,b,-,e,5,7,8,a,f,e,a,7,0,d,3,.,j,p,g,h,t,t,p,s,:,/,/,w,w,w,.,t,r,a,v,e,l,.,t,a,i,p,e,i,/,d,_,u,p,l,o,a,d,_,t,t,n,/,s,c,e,n,e,a,d,m,i,n,/,i,m,a,g,e,/,A,0,/,B,0,/,C,1,/,D,9,3,2,/,E,9,8,0,/,F,1,5,3,/,6,6,4,5,b,d,5,2,-,c,b,1,6,-,4,2,f,8,-,a,c,b,0,-,d,1,5,4,0,b,d,8,e,b,4,3,.,j,p,g,h,t,t,p,s,:,/,/,w,w,w,.,t,r,a,v,e,l,.,t,a,i,p,e,i,/,d,_,u,p,l,o,a,d,_,t,t,n,/,s,c,e,n,e,a,d,m,i,n,/,i,m,a,g,e,/,A,0,/,B,0,/,C,0,/,D,2,2,/,E,7,1,5,/,F,9,4,4,/,d,9,b,8,6,8,1,a,-,0,c,a,5,-,4,b,e,4,-,a,2,3,f,-,d,e,5,d,c,6,8,0,1,8,a,7,.,j,p,g,h,t,t,p,s,:,/,/,w,w,w,.,t,r,a,v,e,l,.,t,a,i,p,e,i,/,d,_,u,p,l,o,a,d,_,t,t,n,/,s,c,e,n,e,a,d,m,i,n,/,i,m,a,g,e,/,A,0,/,B,0,/,C,1,/,D,6,0,8,/,E,3,9,1,/,F,4,2,2,/,4,4,b,4,8,4,2,8,-,8,e,4,7,-,4,8,2,6,-,a,d,4,d,-,8,b,3,6,8,a,6,8,c,1,b,c,.,j,p,g,h,t,t,p,s,:,/,/,w,w,w,.,t,r,a,v,e,l,.,t,a,i,p,e,i,/,d,_,u,p,l,o,a,d,_,t,t,n,/,s,c,e,n,e,a,d,m,i,n,/,i,m,a,g,e,/,A,0,/,B,0,/,C,1,/,D,2,4,6,/,E,4,3,0,/,F,2,1,7,/,d,6,8,a,c,1,2,c,-,1,9,b,e,-,4,e,b,6,-,9,5,f,e,-,d,f,e,9,b,4,d,3,e,3,0,5,.,j,p,g,h,t,t,p,s,:,/,/,w,w,w,.,t,r,a,v,e,l,.,t,a,i,p,e,i,/,d,_,u,p,l,o,a,d,_,t,t,n,/,s,c,e,n,e,a,d,m,i,n,/,p,i,c,/,1,1,0,0,3,6,5,4,.,j,p,g,h,t,t,p,s,:,/,/,w,w,w,.,t,r,a,v,e,l,.,t,a,i,p,e,i,/,d,_,u,p,l,o,a,d,_,t,t,n,/,s,c,e,n,e,a,d,m,i,n,/,p,i,c,/,1,1,0,0,3,6,5,5,.,j,p,g,h,t,t,p,s,:,/,/,w,w,w,.,t,r,a,v,e,l,.,t,a,i,p,e,i,/,d,_,u,p,l,o,a,d,_,t,t,n,/,s,c,e,n,e,a,d,m,i,n,/,p,i,c,/,1,1,0,0,3,6,5,6,.,j,p,g,h,t,t,p,s,:,/,/,w,w,w,.,t,r,a,v,e,l,.,t,a,i,p,e,i,/,s,t,r,e,a,m,s,/,s,c,e,n,e,r,y,_,f,i,l,e,_,a,u,d,i,o,/,c,3,4,.,m,p,3,h,t,t,p,s,:,/,/,w,w,w,.,t,r,a,v,e,l,.,t,a,i,p,e,i,/,s,t,r,e,a,m,s,/,v,i,d,e,o,/,D,I,S,C,4,-,1,.,f,l,v,""""
"""",內,溝,溪,景,觀,生,態,步,道,"""","""",臺,北,市, , ,內,湖,區,康,樂,街,"""","""",1,2,1,.,6,2,3,9,8,"""","""",2,5,.,0,8,0,3,7,"""","""",h,t,t,p,s,:,/,/,w,w,w,.,t,r,a,v,e,l,.,t,a,i,p,e,i,/,d,_,u,p,l,o,a,d,_,t,t,n,/,s,c,e,n,e,a,d,m,i,n,/,p,i,c,/,1,1,0,0,3,1,3,0,.,j,p,g,h,t,t,p,s,:,/,/,w,w,w,.,t,r,a,v,e,l,.,t,a,i,p,e,i,/,d,_,u,p,l,o,a,d,_,t,t,n,/,s,c,e,n,e,a,d,m,i,n,/,p,i,c,/,1,1,0,0,3,1,3,1,.,j,p,g,h,t,t,p,s,:,/,/,w,w,w,.,t,r,a,v,e,l,.,t,a,i,p,e,i,/,d,_,u,p,l,o,a,d,_,t,t,n,/,s,c,e,n,e,a,d,m,i,n,/,p,i,c,/,1,1,0,0,3,1,3,2,.,j,p,g,""""
"""",二,二,八,和,平,公,園,"""","""",臺,北,市, , ,中,正,區,臺,北,市,懷,寧,街,、,襄,陽,路,、,公,園,路,、,凱,達,格,蘭,大,道,口,"""","""",1,2,1,.,5,1,5,4,6,8,"""","""",2,5,.,0,4,0,3,6,3,"""","""",h,t,t,p,s,:,/,/,w,w,w,.,t,r,a,v,e,l,.,t,a,i,p,e,i,/,d,_,u,p,l,o,a,d,_,t,t,n,/,s,c,e,n,e,a,d,m,i,n,/,p,i,c,/,1,1,0,0,0,7,8,8,.,j,p,g,h,t,t,p,s,:,/,/,w,w,w,.,t,r,a,v,e,l,.,t,a,i,p,e,i,/,d,_,u,p,l,o,a,d,_,t,t,n,/,s,c,e,n,e,a,d,m,i,n,/,p,i,c,/,1,1,0,0,0,7,8,9,.,j,p,g,h,t,t,p,s,:,/,/,w,w,w,.,t,r,a,v,e,l,.,t,a,i,p,e,i,/,d,_,u,p,l,o,a,d,_,t,t,n,/,s,c,e,n,e,a,d,m,i,n,/,p,i,c,/,1,1,0,0,0,7,9,0,.,j,p,g,""""
"""",國,立,臺,灣,科,學,教,育,館,"""","""",臺,北,市, , ,士,林,區,士,商,路,1,8,9,號,"""","""",1,2,1,.,5,1,5,9,"""","""",2,5,.,0,9,5,9,"""","""",h,t,t,p,s,:,/,/,w,w,w,.,t,r,a,v,e,l,.,t,a,i,p,e,i,/,d,_,u,p,l,o,a,d,_,t,t,n,/,s,c,e,n,e,a,d,m,i,n,/,p,i,c,/,1,1,0,0,0,7,2,9,.,j,p,g,h,t,t,p,s,:,/,/,w,w,w,.,t,r,a,v,e,l,.,t,a,i,p,e,i,/,d,_,u,p,l,o,a,d,_,t,t,n,/,s,c,e,n,e,a,d,m,i,n,/,p,i,c,/,1,1,0,0,0,7,3,0,.,j,p,g,h,t,t,p,s,:,/,/,w,w,w,.,t,r,a,v,e,l,.,t,a,i,p,e,i,/,d,_,u,p,l,o,a,d,_,t,t,n,/,s,c,e,n,e,a,d,m,i,n,/,p,i,c,/,1,1,0,0,0,7,3,1,.,j,p,g,""""
"""",指,南,宮,"""","""",臺,北,市, , ,文,山,區,萬,壽,路,1,1,5,號,"""","""",1,2,1,.,5,8,7,0,8,7,"""","""",2,4,.,9,7,8,6,5,1,"""","""",h,t,t,p,s,:,/,/,w,w,w,.,t,r,a,v,e,l,.,t,a,i,p,e,i,/,d,_,u,p,l,o,a,d,_,t,t,n,/,s,c,e,n,e,a,d,m,i,n,/,p,i,c,/,1,1,0,0,0,9,3,2,.,j,p,g,h,t,t,p,s,:,/,/,w,w,w,.,t,r,a,v,e,l,.,t,a,i,p,e,i,/,d,_,u,p,l,o,a,d,_,t,t,n,/,s,c,e,n,e,a,d,m,i,n,/,p,i,c,/,1,1,0,0,0,9,3,3,.,j,p,g,h,t,t,p,s,:,/,/,w,w,w,.,t,r,a,v,e,l,.,t,a,i,p,e,i,/,d,_,u,p,l,o,a,d,_,t,t,n,/,s,c,e,n,e,a,d,m,i,n,/,p,i,c,/,1,1,0,0,0,9,3,4,.,j,p,g,h,t,t,p,s,:,/,/,w,w,w,.,t,r,a,v,e,l,.,t,a,i,p,e,i,/,d,_,u,p,l,o,a,d,_,t,t,n,/,s,c,e,n,e,a,d,m,i,n,/,i,m,a,g,e,/,A,0,/,B,0,/,C,1,/,D,9,8,9,/,E,1,8,6,/,F,4,4,7,/,d,2,b,f,a,3,5,5,-,e,e,a,7,-,4,e,7,1,-,8,a,9,1,-,f,6,6,0,4,c,e,7,9,a,b,2,.,J,P,G,h,t,t,p,s,:,/,/,w,w,w,.,t,r,a,v,e,l,.,t,a,i,p,e,i,/,s,t,r,e,a,m,s,/,s,c,e,n,e,r,y,_,f,i,l,e,_,a,u,d,i,o,/,c,1,2,.,m,p,3,""""
"""",臺,北,啤,酒,工,廠,(,原,建,國,啤,酒,廠,),"""","""",臺,北,市, , ,中,山,區,八,德,路,2,段,8,5,號,"""","""",1,2,1,.,5,3,5,3,8,9,"""","""",2,5,.,0,4,6,1,1,1,"""","""",h,t,t,p,s,:,/,/,w,w,w,.,t,r,a,v,e,l,.,t,a,i,p,e,i,/,d,_,u,p,l,o,a,d,_,t,t,n,/,s,c,e,n,e,a,d,m,i,n,/,p,i,c,/,1,1,0,0,0,8,7,0,.,j,p,g,h,t,t,p,s,:,/,/,w,w,w,.,t,r,a,v,e,l,.,t,a,i,p,e,i,/,d,_,u,p,l,o,a,d,_,t,t,n,/,s,c,e,n,e,a,d,m,i,n,/,i,m,a,g,e,/,A,0,/,B,0,/,C,0,/,D,3,7,1,/,E,8,9,8,/,F,5,1,2,/,d,3,c,c,c,b,a,d,-,a,e,7,2,-,4,7,6,2,-,9,2,9,c,-,f,a,c,0,0,8,d,6,d,3,b,0,.,j,p,g,h,t,t,p,s,:,/,/,w,w,w,.,t,r,a,v,e,l,.,t,a,i,p,e,i,/,d,_,u,p,l,o,a,d,_,t,t,n,/,s,c,e,n,e,a,d,m,i,n,/,i,m,a,g,e,/,A,0,/,B,0,/,C,1,/,D,5,1,9,/,E,2,5,7,/,F,2,2,5,/,0,d,f,5,8,c,a,a,-,5,2,d,a,-,4,b,8,c,-,b,b,5,f,-,e,d,2,0,4,8,9,5,9,a,e,d,.,j,p,g,h,t,t,p,s,:,/,/,w,w,w,.,t,r,a,v,e,l,.,t,a,i,p,e,i,/,d,_,u,p,l,o,a,d,_,t,t,n,/,s,c,e,n,e,a,d,m,i,n,/,i,m,a,g,e,/,A,0,/,B,0,/,C,1,/,D,2,5,4,/,E,4,4,7,/,F,2,9,9,/,6,9,b,4,f,b,4,3,-,f,e,7,f,-,4,8,8,5,-,a,c,e,c,-,a,c,5,2,d,2,1,7,c,d,0,d,.,j,p,g,h,t,t,p,s,:,/,/,w,w,w,.,t,r,a,v,e,l,.,t,a,i,p,e,i,/,d,_,u,p,l,o,a,d,_,t,t,n,/,s,c,e,n,e,a,d,m,i,n,/,p,i,c,/,1,1,0,0,0,8,7,1,.,j,p,g,h,t,t,p,s,:,/,/,w,w,w,.,t,r,a,v,e,l,.,t,a,i,p,e,i,/,d,_,u,p,l,o,a,d,_,t,t,n,/,s,c,e,n,e,a,d,m,i,n,/,p,i,c,/,1,1,0,0,0,8,7,2,.,j,p,g,h,t,t,p,s,:,/,/,w,w,w,.,t,r,a,v,e,l,.,t,a,i,p,e,i,/,d,_,u,p,l,o,a,d,_,t,t,n,/,s,c,e,n,e,a,d,m,i,n,/,i,m,a,g,e,/,A,0,/,B,0,/,C,2,/,D,7,7,/,E,4,4,8,/,F,6,8,3,/,6,b,6,1,3,1,6,8,-,2,b,9,1,-,4,a,9,3,-,b,d,9,0,-,9,3,0,e,c,1,f,e,7,4,b,8,.,j,p,g,h,t,t,p,s,:,/,/,w,w,w,.,t,r,a,v,e,l,.,t,a,i,p,e,i,/,d,_,u,p,l,o,a,d,_,t,t,n,/,s,c,e,n,e,a,d,m,i,n,/,i,m,a,g,e,/,A,0,/,B,0,/,C,0,/,D,1,7,4,/,E,3,9,7,/,F,5,6,9,/,2,e,b,6,e,d,7,1,-,8,2,1,8,-,4,9,b,9,-,8,d,1,5,-,1,9,c,0,7,f,5,4,a,d,1,f,.,j,p,g,""""
"""",松,山,文,創,園,區,"""","""",臺,北,市, , ,信,義,區,光,復,南,路,1,3,3,號,"""","""",1,2,1,.,5,6,0,4,3,7,"""","""",2,5,.,0,4,3,3,0,3,"""","""",h,t,t,p,s,:,/,/,w,w,w,.,t,r,a,v,e,l,.,t,a,i,p,e,i,/,d,_,u,p,l,o,a,d,_,t,t,n,/,s,c,e,n,e,a,d,m,i,n,/,i,m,a,g,e,/,A,0,/,B,0,/,C,0,/,D,2,6,/,E,5,6,3,/,F,5,8,7,/,c,d,e,a,a,2,f,b,-,0,f,0,e,-,4,f,4,a,-,a,0,7,8,-,1,7,0,d,2,3,5,2,0,8,0,0,.,j,p,g,h,t,t,p,s,:,/,/,w,w,w,.,t,r,a,v,e,l,.,t,a,i,p,e,i,/,d,_,u,p,l,o,a,d,_,t,t,n,/,s,c,e,n,e,a,d,m,i,n,/,i,m,a,g,e,/,A,0,/,B,0,/,C,0,/,D,2,/,E,7,6,9,/,F,1,6,2,/,3,a,4,6,f,b,7,4,-,e,6,c,a,-,4,f,5,1,-,b,6,1,0,-,2,9,b,1,d,e,7,2,3,5,7,8,.,J,P,G,h,t,t,p,s,:,/,/,w,w,w,.,t,r,a,v,e,l,.,t,a,i,p,e,i,/,d,_,u,p,l,o,a,d,_,t,t,n,/,s,c,e,n,e,a,d,m,i,n,/,i,m,a,g,e,/,A,0,/,B,0,/,C,0,/,D,1,9,/,E,1,2,8,/,F,4,2,4,/,8,8,4,2,b,a,b,6,-,c,4,5,4,-,4,4,4,c,-,a,6,e,3,-,d,9,8,c,d,8,8,3,a,c,9,0,.,J,P,G,h,t,t,p,s,:,/,/,w,w,w,.,t,r,a,v,e,l,.,t,a,i,p,e,i,/,d,_,u,p,l,o,a,d,_,t,t,n,/,s,c,e,n,e,a,d,m,i,n,/,i,m,a,g,e,/,A,0,/,B,0,/,C,0,/,D,3,2,/,E,4,4,6,/,F,8,9,1,/,1,1,e,e,0,f,0,b,-,3,c,c,0,-,4,f,a,0,-,9,d,c,7,-,8,b,b,b,1,3,7,d,1,0,7,5,.,J,P,G,""""
"""",大,龍,峒,保,安,宮,"""","""",臺,北,市, , ,大,同,區,哈,密,街,6,1,號,"""","""",1,2,1,.,5,1,5,4,1,6,"""","""",2,5,.,0,7,3,1,3,8,"""","""",h,t,t,p,s,:,/,/,w,w,w,.,t,r,a,v,e,l,.,t,a,i,p,e,i,/,d,_,u,p,l,o,a,d,_,t,t,n,/,s,c,e,n,e,a,d,m,i,n,/,i,m,a,g,e,/,A,0,/,B,0,/,C,1,/,D,7,7,5,/,E,4,5,4,/,F,1,2,0,/,0,5,e,7,f,c,f,f,-,c,9,2,5,-,4,8,2,8,-,8,e,8,9,-,c,0,b,f,d,d,3,b,f,e,9,c,.,J,P,G,h,t,t,p,s,:,/,/,w,w,w,.,t,r,a,v,e,l,.,t,a,i,p,e,i,/,d,_,u,p,l,o,a,d,_,t,t,n,/,s,c,e,n,e,a,d,m,i,n,/,i,m,a,g,e,/,A,0,/,B,0,/,C,1,/,D,8,2,6,/,E,1,3,9,/,F,9,7,5,/,f,f,a,b,a,c,5,9,-,b,3,a,0,-,4,7,2,7,-,9,d,3,7,-,c,3,0,a,4,c,c,6,0,9,3,e,.,j,p,g,h,t,t,p,s,:,/,/,w,w,w,.,t,r,a,v,e,l,.,t,a,i,p,e,i,/,d,_,u,p,l,o,a,d,_,t,t,n,/,s,c,e,n,e,a,d,m,i,n,/,i,m,a,g,e,/,A,0,/,B,0,/,C,0,/,D,9,7,2,/,E,8,6,3,/,F,7,4,3,/,a,3,a,8,9,3,9,7,-,6,5,7,9,-,4,1,2,e,-,b,7,1,a,-,2,7,b,2,3,8,3,5,a,b,0,5,.,j,p,g,h,t,t,p,s,:,/,/,w,w,w,.,t,r,a,v,e,l,.,t,a,i,p,e,i,/,d,_,u,p,l,o,a,d,_,t,t,n,/,s,c,e,n,e,a,d,m,i,n,/,i,m,a,g,e,/,A,0,/,B,0,/,C,0,/,D,7,4,6,/,E,7,3,3,/,F,4,5,/,d,1,e,c,c,e,1,c,-,5,3,c,9,-,4,d,d,9,-,8,f,a,4,-,0,e,9,1,b,d,2,8,d,1,f,5,.,j,p,g,h,t,t,p,s,:,/,/,w,w,w,.,t,r,a,v,e,l,.,t,a,i,p,e,i,/,d,_,u,p,l,o,a,d,_,t,t,n,/,s,c,e,n,e,a,d,m,i,n,/,i,m,a,g,e,/,A,0,/,B,0,/,C,2,/,D,8,1,/,E,7,1,2,/,F,5,0,3,/,f,4,3,e,4,7,5,3,-,d,3,e,f,-,4,8,6,9,-,9,4,e,4,-,b,f,6,f,3,f,8,6,6,3,e,d,.,j,p,g,h,t,t,p,s,:,/,/,w,w,w,.,t,r,a,v,e,l,.,t,a,i,p,e,i,/,d,_,u,p,l,o,a,d,_,t,t,n,/,s,c,e,n,e,a,d,m,i,n,/,i,m,a,g,e,/,A,0,/,B,0,/,C,0,/,D,6,6,3,/,E,3,2,9,/,F,8,6,4,/,5,6,7,7,1,b,9,1,-,a,0,c,b,-,4,b,4,a,-,9,e,c,7,-,4,b,b,4,1,6,f,c,3,7,8,0,.,j,p,g,h,t,t,p,s,:,/,/,w,w,w,.,t,r,a,v,e,l,.,t,a,i,p,e,i,/,d,_,u,p,l,o,a,d,_,t,t,n,/,s,c,e,n,e,a,d,m,i,n,/,i,m,a,g,e,/,A,0,/,B,0,/,C,0,/,D,2,9,4,/,E,5,4,1,/,F,6,8,2,/,d,6,e,3,6,4,d,0,-,d,3,5,3,-,4,d,3,b,-,9,5,7,e,-,d,7,f,a,7,9,f,c,2,e,d,d,.,j,p,g,h,t,t,p,s,:,/,/,w,w,w,.,t,r,a,v,e,l,.,t,a,i,p,e,i,/,d,_,u,p,l,o,a,d,_,t,t,n,/,s,c,e,n,e,a,d,m,i,n,/,i,m,a,g,e,/,A,0,/,B,0,/,C,1,/,D,8,1,6,/,E,6,9,6,/,F,7,0,9,/,6,b,d,2,0,b,f,6,-,a,3,f,9,-,4,3,f,d,-,b,b,2,9,-,8,1,a,b,4,0,f,d,6,e,c,e,.,j,p,g,h,t,t,p,s,:,/,/,w,w,w,.,t,r,a,v,e,l,.,t,a,i,p,e,i,/,d,_,u,p,l,o,a,d,_,t,t,n,/,s,c,e,n,e,a,d,m,i,n,/,i,m,a,g,e,/,A,0,/,B,0,/,C,0,/,D,5,8,/,E,7,0,8,/,F,2,7,0,/,e,c,b,6,e,7,9,c,-,9,d,6,5,-,4,b,6,e,-,b,5,5,6,-,f,9,0,6,6,c,9,5,7,b,a,0,.,j,p,g,h,t,t,p,s,:,/,/,w,w,w,.,t,r,a,v,e,l,.,t,a,i,p,e,i,/,d,_,u,p,l,o,a,d,_,t,t,n,/,s,c,e,n,e,a,d,m,i,n,/,i,m,a,g,e,/,A,0,/,B,0,/,C,0,/,D,8,0,6,/,E,3,8,3,/,F,4,0,8,/,d,b,1,3,6,b,9,6,-,1,c,9,b,-,4,9,2,b,-,b,3,a,c,-,e,2,0,1,0,9,a,5,8,2,8,6,.,j,p,g,h,t,t,p,s,:,/,/,w,w,w,.,t,r,a,v,e,l,.,t,a,i,p,e,i,/,d,_,u,p,l,o,a,d,_,t,t,n,/,s,c,e,n,e,a,d,m,i,n,/,i,m,a,g,e,/,A,0,/,B,0,/,C,0,/,D,7,7,4,/,E,1,3,0,/,F,8,7,0,/,b,8,4,2,a,d,6,3,-,e,9,e,c,-,4,2,0,0,-,9,e,1,e,-,4,7,d,8,8,4,7,2,6,e,6,c,.,j,p,g,h,t,t,p,s,:,/,/,w,w,w,.,t,r,a,v,e,l,.,t,a,i,p,e,i,/,d,_,u,p,l,o,a,d,_,t,t,n,/,s,c,e,n,e,a,d,m,i,n,/,i,m,a,g,e,/,A,0,/,B,0,/,C,1,/,D,2,6,4,/,E,9,9,1,/,F,4,8,9,/,9,3,a,e,5,8,b,a,-,8,7,1,5,-,4,5,a,3,-,9,e,a,a,-,7,5,4,0,b,f,b,8,e,5,5,e,.,j,p,g,h,t,t,p,s,:,/,/,w,w,w,.,t,r,a,v,e,l,.,t,a,i,p,e,i,/,d,_,u,p,l,o,a,d,_,t,t,n,/,s,c,e,n,e,a,d,m,i,n,/,i,m,a,g,e,/,A,0,/,B,0,/,C,0,/,D,5,8,6,/,E,3,4,4,/,F,8,2,/,0,8,5,c,c,3,6,f,-,a,2,a,4,-,4,1,0,8,-,a,d,e,3,-,0,6,d,3,8,c,0,c,f,3,d,a,.,j,p,g,h,t,t,p,s,:,/,/,w,w,w,.,t,r,a,v,e,l,.,t,a,i,p,e,i,/,d,_,u,p,l,o,a,d,_,t,t,n,/,s,c,e,n,e,a,d,m,i,n,/,i,m,a,g,e,/,A,0,/,B,0,/,C,1,/,D,6,7,6,/,E,4,9,4,/,F,1,3,4,/,6,a,e,f,e,2,c,3,-,b,e,7,b,-,4,1,d,5,-,b,d,e,e,-,e,6,3,5,7,1,a,4,f,0,3,e,.,j,p,g,h,t,t,p,s,:,/,/,w,w,w,.,t,r,a,v,e,l,.,t,a,i,p,e,i,/,d,_,u,p,l,o,a,d,_,t,t,n,/,s,c,e,n,e,a,d,m,i,n,/,i,m,a,g,e,/,A,0,/,B,0,/,C,1,/,D,9,6,1,/,E,1,2,4,/,F,7,0,2,/,f,1,3,f,5,5,3,0,-,8,3,7,f,-,4,1,0,5,-,8,c,4,b,-,2,6,1,7,8,9,3,3,c,f,1,9,.,j,p,g,h,t,t,p,s,:,/,/,w,w,w,.,t,r,a,v,e,l,.,t,a,i,p,e,i,/,d,_,u,p,l,o,a,d,_,t,t,n,/,s,c,e,n,e,a,d,m,i,n,/,i,m,a,g,e,/,A,0,/,B,0,/,C,1,/,D,9,7,/,E,1,1,/,F,7,9,/,1,5,d,0,7,c,3,2,-,2,0,f,f,-,4,9,a,4,-,b,c,1,4,-,d,1,b,b,d,0,6,c,f,3,6,1,.,j,p,g,h,t,t,p,s,:,/,/,w,w,w,.,t,r,a,v,e,l,.,t,a,i,p,e,i,/,s,t,r,e,a,m,s,/,s,c,e,n,e,r,y,_,f,i,l,e,_,a,u,d,i,o,/,c,4,1,.,m,p,3,""""
"""",雙,溪,生,活,水,岸,"""","""",臺,北,市, , ,士,林,區,士,林,橋,"""","""",1,2,1,.,5,2,3,7,0,4,"""","""",2,5,.,0,9,8,5,1,6,"""","""",h,t,t,p,s,:,/,/,w,w,w,.,t,r,a,v,e,l,.,t,a,i,p,e,i,/,d,_,u,p,l,o,a,d,_,t,t,n,/,s,c,e,n,e,a,d,m,i,n,/,p,i,c,/,1,1,0,0,2,5,6,6,.,j,p,g,h,t,t,p,s,:,/,/,w,w,w,.,t,r,a,v,e,l,.,t,a,i,p,e,i,/,d,_,u,p,l,o,a,d,_,t,t,n,/,s,c,e,n,e,a,d,m,i,n,/,p,i,c,/,1,1,0,0,2,5,6,7,.,j,p,g,h,t,t,p,s,:,/,/,w,w,w,.,t,r,a,v,e,l,.,t,a,i,p,e,i,/,d,_,u,p,l,o,a,d,_,t,t,n,/,s,c,e,n,e,a,d,m,i,n,/,p,i,c,/,1,1,0,0,2,5,6,8,.,j,p,g,""""
"""",陽,明,山,中,山,樓,"""","""",臺,北,市, , ,北,投,區,陽,明,路,2,段,1,5,號,"""","""",1,2,1,.,5,5,2,7,7,2,"""","""",2,5,.,1,5,5,6,2,3,"""","""",h,t,t,p,s,:,/,/,w,w,w,.,t,r,a,v,e,l,.,t,a,i,p,e,i,/,d,_,u,p,l,o,a,d,_,t,t,n,/,s,c,e,n,e,a,d,m,i,n,/,i,m,a,g,e,/,A,0,/,B,0,/,C,0,/,D,3,7,0,/,E,8,8,2,/,F,6,2,6,/,4,2,0,c,6,c,f,8,-,4,5,c,6,-,4,c,3,1,-,8,e,0,a,-,4,2,d,4,4,a,1,a,5,e,a,c,.,j,p,g,h,t,t,p,s,:,/,/,w,w,w,.,t,r,a,v,e,l,.,t,a,i,p,e,i,/,d,_,u,p,l,o,a,d,_,t,t,n,/,s,c,e,n,e,a,d,m,i,n,/,p,i,c,/,1,1,0,0,3,1,2,7,.,j,p,g,h,t,t,p,s,:,/,/,w,w,w,.,t,r,a,v,e,l,.,t,a,i,p,e,i,/,d,_,u,p,l,o,a,d,_,t,t,n,/,s,c,e,n,e,a,d,m,i,n,/,p,i,c,/,1,1,0,0,3,1,2,8,.,j,p,g,h,t,t,p,s,:,/,/,w,w,w,.,t,r,a,v,e,l,.,t,a,i,p,e,i,/,d,_,u,p,l,o,a,d,_,t,t,n,/,s,c,e,n,e,a,d,m,i,n,/,p,i,c,/,1,1,0,0,3,1,2,9,.,j,p,g,""""
"""",臺,北,市,鄉,土,教,育,中,心,(,剝,皮,寮,歷,史,街,區,),"""","""",臺,北,市, , ,萬,華,區,廣,州,街,1,0,1,號,"""","""",1,2,1,.,5,0,3,2,6,"""","""",2,5,.,0,3,6,6,6,"""","""",h,t,t,p,s,:,/,/,w,w,w,.,t,r,a,v,e,l,.,t,a,i,p,e,i,/,d,_,u,p,l,o,a,d,_,t,t,n,/,s,c,e,n,e,a,d,m,i,n,/,i,m,a,g,e,/,A,0,/,B,0,/,C,1,/,D,7,5,/,E,6,2,4,/,F,1,0,7,/,4,1,9,2,a,9,d,f,-,e,1,c,d,-,4,9,a,5,-,9,0,0,f,-,c,3,9,2,a,e,6,a,1,6,f,6,.,j,p,g,h,t,t,p,s,:,/,/,w,w,w,.,t,r,a,v,e,l,.,t,a,i,p,e,i,/,d,_,u,p,l,o,a,d,_,t,t,n,/,s,c,e,n,e,a,d,m,i,n,/,i,m,a,g,e,/,A,0,/,B,0,/,C,1,/,D,4,7,5,/,E,7,4,0,/,F,7,6,8,/,0,2,b,5,1,f,3,3,-,5,2,e,d,-,4,3,9,9,-,8,9,a,a,-,9,0,0,0,1,7,e,b,5,a,f,9,.,j,p,g,h,t,t,p,s,:,/,/,w,w,w,.,t,r,a,v,e,l,.,t,a,i,p,e,i,/,d,_,u,p,l,o,a,d,_,t,t,n,/,s,c,e,n,e,a,d,m,i,n,/,i,m,a,g,e,/,A,0,/,B,0,/,C,0,/,D,2,2,3,/,E,6,5,/,F,4,3,6,/,c,a,e,5,a,d,9,7,-,2,2,3,b,-,4,1,2,f,-,8,c,5,0,-,3,f,2,4,a,b,6,8,f,8,f,b,.,j,p,g,h,t,t,p,s,:,/,/,w,w,w,.,t,r,a,v,e,l,.,t,a,i,p,e,i,/,d,_,u,p,l,o,a,d,_,t,t,n,/,s,c,e,n,e,a,d,m,i,n,/,i,m,a,g,e,/,A,0,/,B,0,/,C,0,/,D,8,5,9,/,E,3,2,7,/,F,3,1,5,/,a,f,6,d,8,e,4,e,-,8,6,b,5,-,4,a,e,1,-,b,5,3,3,-,8,b,8,a,2,e,9,a,5,b,f,b,.,j,p,g,h,t,t,p,s,:,/,/,w,w,w,.,t,r,a,v,e,l,.,t,a,i,p,e,i,/,d,_,u,p,l,o,a,d,_,t,t,n,/,s,c,e,n,e,a,d,m,i,n,/,i,m,a,g,e,/,A,0,/,B,0,/,C,2,/,D,1,0,5,/,E,2,2,4,/,F,4,0,9,/,8,c,d,d,a,6,9,1,-,b,e,6,7,-,4,3,9,d,-,b,f,b,8,-,e,9,9,a,f,6,2,5,9,1,7,e,.,j,p,g,h,t,t,p,s,:,/,/,w,w,w,.,t,r,a,v,e,l,.,t,a,i,p,e,i,/,d,_,u,p,l,o,a,d,_,t,t,n,/,s,c,e,n,e,a,d,m,i,n,/,i,m,a,g,e,/,A,0,/,B,0,/,C,0,/,D,8,1,3,/,E,7,6,0,/,F,9,6,9,/,5,b,c,6,4,9,9,a,-,c,2,3,b,-,4,f,b,f,-,a,4,6,6,-,5,0,3,b,2,5,f,f,f,5,3,1,.,j,p,g,h,t,t,p,s,:,/,/,w,w,w,.,t,r,a,v,e,l,.,t,a,i,p,e,i,/,d,_,u,p,l,o,a,d,_,t,t,n,/,s,c,e,n,e,a,d,m,i,n,/,i,m,a,g,e,/,A,0,/,B,0,/,C,1,/,D,2,4,/,E,2,0,6,/,F,5,5,2,/,d,a,d,b,f,6,2,8,-,f,a,1,2,-,4,e,9,8,-,b,c,e,d,-,2,0,3,1,5,c,8,3,0,0,5,9,.,j,p,g,h,t,t,p,s,:,/,/,w,w,w,.,t,r,a,v,e,l,.,t,a,i,p,e,i,/,d,_,u,p,l,o,a,d,_,t,t,n,/,s,c,e,n,e,a,d,m,i,n,/,i,m,a,g,e,/,A,0,/,B,0,/,C,0,/,D,5,3,3,/,E,6,1,3,/,F,6,9,5,/,2,5,6,e,8,c,e,5,-,3,c,a,a,-,4,b,f,5,-,8,7,c,7,-,d,c,a,1,f,d,6,b,c,3,a,c,.,j,p,g,h,t,t,p,s,:,/,/,w,w,w,.,t,r,a,v,e,l,.,t,a,i,p,e,i,/,d,_,u,p,l,o,a,d,_,t,t,n,/,s,c,e,n,e,a,d,m,i,n,/,i,m,a,g,e,/,A,0,/,B,0,/,C,0,/,D,2,8,0,/,E,1,3,8,/,F,9,3,2,/,8,d,7,c,b,6,0,5,-,a,c,9,1,-,4,f,4,4,-,b,d,a,6,-,5,7,5,1,8,d,b,7,a,d,1,0,.,j,p,g,h,t,t,p,s,:,/,/,w,w,w,.,t,r,a,v,e,l,.,t,a,i,p,e,i,/,d,_,u,p,l,o,a,d,_,t,t,n,/,s,c,e,n,e,a,d,m,i,n,/,i,m,a,g,e,/,A,0,/,B,0,/,C,0,/,D,8,7,5,/,E,7,2,3,/,F,3,6,6,/,c,4,5,f,b,d,a,2,-,3,4,f,d,-,4,d,1,b,-,9,a,5,a,-,2,0,2,7,4,9,0,8,f,8,6,6,.,j,p,g,h,t,t,p,s,:,/,/,w,w,w,.,t,r,a,v,e,l,.,t,a,i,p,e,i,/,s,t,r,e,a,m,s,/,s,c,e,n,e,r,y,_,f,i,l,e,_,a,u,d,i,o,/,c,2,9,.,m,p,3,""""
"""",自,來,水,博,物,館,"""","""",臺,北,市, , ,中,正,區,思,源,街,1,號,"""","""",1,2,1,.,5,3,0,1,0,6,"""","""",2,5,.,0,1,2,6,5,2,"""","""",h,t,t,p,s,:,/,/,w,w,w,.,t,r,a,v,e,l,.,t,a,i,p,e,i,/,d,_,u,p,l,o,a,d,_,t,t,n,/,s,c,e,n,e,a,d,m,i,n,/,i,m,a,g,e,/,A,0,/,B,0,/,C,0,/,D,3,4,6,/,E,9,2,0,/,F,1,/,0,5,0,9,6,7,e,9,-,1,5,b,8,-,4,f,f,5,-,8,9,c,a,-,a,d,4,a,4,d,6,1,8,6,a,7,.,j,p,g,h,t,t,p,s,:,/,/,w,w,w,.,t,r,a,v,e,l,.,t,a,i,p,e,i,/,d,_,u,p,l,o,a,d,_,t,t,n,/,s,c,e,n,e,a,d,m,i,n,/,i,m,a,g,e,/,A,0,/,B,0,/,C,0,/,D,5,5,/,E,7,8,6,/,F,4,0,7,/,e,5,c,7,3,3,d,0,-,c,4,3,3,-,4,2,d,8,-,9,c,6,b,-,2,b,1,a,a,7,2,b,8,c,0,c,.,j,p,g,h,t,t,p,s,:,/,/,w,w,w,.,t,r,a,v,e,l,.,t,a,i,p,e,i,/,d,_,u,p,l,o,a,d,_,t,t,n,/,s,c,e,n,e,a,d,m,i,n,/,i,m,a,g,e,/,A,0,/,B,0,/,C,1,/,D,4,5,9,/,E,7,5,7,/,F,1,9,1,/,6,1,5,2,7,6,1,4,-,b,1,8,1,-,4,0,3,d,-,9,d,3,5,-,c,c,0,3,3,0,f,b,0,a,2,0,.,j,p,g,h,t,t,p,s,:,/,/,w,w,w,.,t,r,a,v,e,l,.,t,a,i,p,e,i,/,d,_,u,p,l,o,a,d,_,t,t,n,/,s,c,e,n,e,a,d,m,i,n,/,i,m,a,g,e,/,A,0,/,B,0,/,C,2,/,D,2,2,/,E,1,0,9,/,F,7,9,5,/,4,c,3,e,2,5,6,c,-,2,f,2,3,-,4,6,5,1,-,a,f,2,8,-,7,3,2,8,b,1,3,f,3,f,0,9,.,j,p,g,h,t,t,p,s,:,/,/,w,w,w,.,t,r,a,v,e,l,.,t,a,i,p,e,i,/,d,_,u,p,l,o,a,d,_,t,t,n,/,s,c,e,n,e,a,d,m,i,n,/,i,m,a,g,e,/,A,0,/,B,0,/,C,1,/,D,6,5,2,/,E,7,8,5,/,F,9,2,6,/,f,6,1,5,b,4,1,7,-,0,5,7,1,-,4,5,e,5,-,8,a,9,7,-,e,d,3,d,3,d,7,7,e,5,8,9,.,j,p,g,h,t,t,p,s,:,/,/,w,w,w,.,t,r,a,v,e,l,.,t,a,i,p,e,i,/,d,_,u,p,l,o,a,d,_,t,t,n,/,s,c,e,n,e,a,d,m,i,n,/,i,m,a,g,e,/,A,0,/,B,0,/,C,0,/,D,1,2,6,/,E,4,3,5,/,F,2,3,9,/,f,9,0,1,7,2,1,5,-,b,e,7,1,-,4,b,0,c,-,b,8,1,e,-,4,1,0,b,1,0,5,4,1,4,a,6,.,j,p,g,h,t,t,p,s,:,/,/,w,w,w,.,t,r,a,v,e,l,.,t,a,i,p,e,i,/,d,_,u,p,l,o,a,d,_,t,t,n,/,s,c,e,n,e,a,d,m,i,n,/,i,m,a,g,e,/,A,0,/,B,0,/,C,1,/,D,2,9,4,/,E,6,6,7,/,F,6,3,9,/,7,2,0,8,a,3,4,7,-,0,8,2,2,-,4,6,c,3,-,a,4,0,9,-,f,8,2,0,b,e,1,2,9,3,e,a,.,j,p,g,h,t,t,p,s,:,/,/,w,w,w,.,t,r,a,v,e,l,.,t,a,i,p,e,i,/,d,_,u,p,l,o,a,d,_,t,t,n,/,s,c,e,n,e,a,d,m,i,n,/,i,m,a,g,e,/,A,0,/,B,0,/,C,0,/,D,7,1,1,/,E,6,8,1,/,F,2,4,9,/,8,6,e,3,2,0,5,8,-,5,3,8,6,-,4,1,4,8,-,8,1,1,5,-,a,6,b,e,9,5,0,8,b,5,d,3,.,j,p,g,h,t,t,p,s,:,/,/,w,w,w,.,t,r,a,v,e,l,.,t,a,i,p,e,i,/,s,t,r,e,a,m,s,/,v,i,d,e,o,/,D,I,S,C,2,-,4,.,f,l,v,""""
"""",華,中,河,濱,公,園,"""","""",臺,北,市, , ,萬,華,區,萬,大,路,底,華,中,橋,旁,"""","""",1,2,1,.,4,9,4,8,4,0,"""","""",2,5,.,0,1,5,4,0,3,"""","""",h,t,t,p,s,:,/,/,w,w,w,.,t,r,a,v,e,l,.,t,a,i,p,e,i,/,d,_,u,p,l,o,a,d,_,t,t,n,/,s,c,e,n,e,a,d,m,i,n,/,i,m,a,g,e,/,A,0,/,B,0,/,C,0,/,D,0,/,E,1,9,7,/,F,3,2,3,/,5,2,2,a,a,4,2,5,-,3,4,5,c,-,4,a,c,4,-,9,6,b,8,-,b,2,1,a,3,3,f,1,6,5,c,a,.,J,P,G,h,t,t,p,s,:,/,/,w,w,w,.,t,r,a,v,e,l,.,t,a,i,p,e,i,/,d,_,u,p,l,o,a,d,_,t,t,n,/,s,c,e,n,e,a,d,m,i,n,/,i,m,a,g,e,/,A,0,/,B,0,/,C,0,/,D,0,/,E,1,9,7,/,F,3,2,1,/,c,0,d,b,5,4,5,5,-,2,5,3,8,-,4,4,a,c,-,9,2,2,a,-,5,1,8,e,4,2,1,5,f,0,7,2,.,J,P,G,h,t,t,p,s,:,/,/,w,w,w,.,t,r,a,v,e,l,.,t,a,i,p,e,i,/,d,_,u,p,l,o,a,d,_,t,t,n,/,s,c,e,n,e,a,d,m,i,n,/,i,m,a,g,e,/,A,0,/,B,0,/,C,0,/,D,0,/,E,1,9,7,/,F,3,2,4,/,e,c,f,6,1,f,8,8,-,9,2,e,d,-,4,9,a,d,-,8,a,4,0,-,4,b,d,c,0,0,d,f,f,5,8,5,.,J,P,G,h,t,t,p,s,:,/,/,w,w,w,.,t,r,a,v,e,l,.,t,a,i,p,e,i,/,d,_,u,p,l,o,a,d,_,t,t,n,/,s,c,e,n,e,a,d,m,i,n,/,i,m,a,g,e,/,A,0,/,B,0,/,C,0,/,D,0,/,E,1,9,7,/,F,3,2,5,/,5,9,b,d,3,a,5,8,-,0,d,8,8,-,4,3,a,7,-,9,a,9,e,-,7,2,f,d,8,8,7,3,4,2,7,5,.,J,P,G,h,t,t,p,s,:,/,/,w,w,w,.,t,r,a,v,e,l,.,t,a,i,p,e,i,/,d,_,u,p,l,o,a,d,_,t,t,n,/,s,c,e,n,e,a,d,m,i,n,/,i,m,a,g,e,/,A,0,/,B,0,/,C,0,/,D,0,/,E,1,9,7,/,F,3,2,6,/,5,e,2,b,e,3,1,9,-,9,5,7,c,-,4,e,f,f,-,b,f,2,9,-,a,2,a,7,1,c,9,3,1,2,6,0,.,J,P,G,h,t,t,p,s,:,/,/,w,w,w,.,t,r,a,v,e,l,.,t,a,i,p,e,i,/,d,_,u,p,l,o,a,d,_,t,t,n,/,s,c,e,n,e,a,d,m,i,n,/,i,m,a,g,e,/,A,0,/,B,0,/,C,0,/,D,9,/,E,7,6,6,/,F,6,0,6,/,8,e,9,8,d,9,6,f,-,0,6,6,6,-,4,e,4,d,-,a,8,2,4,-,3,0,4,9,a,8,2,0,2,5,e,1,.,J,P,G,h,t,t,p,s,:,/,/,w,w,w,.,t,r,a,v,e,l,.,t,a,i,p,e,i,/,d,_,u,p,l,o,a,d,_,t,t,n,/,s,c,e,n,e,a,d,m,i,n,/,i,m,a,g,e,/,A,0,/,B,0,/,C,0,/,D,6,/,E,2,6,6,/,F,4,1,7,/,0,1,f,9,c,7,4,a,-,b,8,7,a,-,4,a,9,1,-,9,0,7,0,-,3,d,9,3,1,0,d,e,8,8,4,3,.,J,P,G,h,t,t,p,s,:,/,/,w,w,w,.,t,r,a,v,e,l,.,t,a,i,p,e,i,/,d,_,u,p,l,o,a,d,_,t,t,n,/,s,c,e,n,e,a,d,m,i,n,/,i,m,a,g,e,/,A,0,/,B,0,/,C,0,/,D,9,/,E,3,6,6,/,F,3,4,7,/,b,4,9,b,a,e,5,8,-,e,9,b,5,-,4,2,b,4,-,a,2,1,0,-,1,1,d,a,2,7,9,6,5,4,c,e,.,J,P,G,""""
