"新北投溫泉區,  北投區,121.508447,25.137077,https://www.travel.taipei/d_upload_ttn/sceneadmin/pic/11000848.jpghttps://www.travel.taipei/d_upload_ttn/sceneadmin/pic/11002891.jpghttps://www.travel.taipei/d_upload_ttn/sceneadmin/image/A0/B0/C0/D315/E70/F65/1e0951fb-069f-4b13-b5ca-2d09df1d3d90.JPGhttps://www.travel.taipei/d_upload_ttn/sceneadmin/image/A0/B0/C0/D260/E538/F274/e7d482ba-e3c0-40c3-87ef-3f2a1c93edfa.JPGhttps://www.travel.taipei/d_upload_ttn/sceneadmin/image/A0/B0/C0/D919/E767/F581/9ddde70e-55c2-4cf0-bd3d-7a8450582e55.jpghttps://www.travel.taipei/d_upload_ttn/sceneadmin/image/A0/B0/C1/D28/E891/F188/77a58890-7711-4ca2-aebe-4aa379726575.JPG","
","大稻埕碼頭,  大同區,121.508274,25.056847,https://www.travel.taipei/d_upload_ttn/sceneadmin/pic/11000340.jpghttps://www.travel.taipei/d_upload_ttn/sceneadmin/image/A0/B0/C0/D906/E6/F186/809f30db-7079-421f-a625-7baa8ec21874.JPGhttps://www.travel.taipei/d_upload_ttn/sceneadmin/pic/11000341.jpghttps://www.travel.taipei/d_upload_ttn/sceneadmin/image/A0/B0/C0/D878/E420/F173/04765739-d40f-4d13-b271-8d5f9e5f44bd.JPGhttps://www.travel.taipei/d_upload_ttn/sceneadmin/pic/11000342.jpghttps://www.travel.taipei/d_upload_ttn/sceneadmin/image/A0/B0/C0/D20/E983/F199/866b5059-8fd7-4719-964c-51d2f78675d5.jpghttps://www.travel.taipei/d_upload_ttn/sceneadmin/image/A0/B0/C0/D546/E538/F353/ed2464d1-bc28-4790-96cd-5216db2c14f5.JPGhttps://www.travel.taipei/d_upload_ttn/sceneadmin/image/A0/B0/C1/D814/E111/F733/aed9d34d-890c-49fd-83ca-f76f38e4b94b.jpghttps://www.travel.taipei/streams/sceneadmin/video/100C1.mp3","
","士林官邸,  士林區,121.530849,25.091713,https://www.travel.taipei/d_upload_ttn/sceneadmin/image/A0/B0/C0/D7/E150/F719/71eb4b56-f771-43bc-856c-2fb265a5cc6e.jpghttps://www.travel.taipei/d_upload_ttn/sceneadmin/image/A0/B0/C0/D7/E691/F391/db1eba17-f937-466a-a3be-f2ef35c88971.JPGhttps://www.travel.taipei/d_upload_ttn/sceneadmin/image/A0/B0/C0/D22/E45/F442/a5f612b7-43c3-403c-a326-cea80fb61bec.jpghttps://www.travel.taipei/d_upload_ttn/sceneadmin/pic/11000782.jpghttps://www.travel.taipei/d_upload_ttn/sceneadmin/pic/11000783.jpghttps://www.travel.taipei/d_upload_ttn/sceneadmin/pic/11000784.jpghttps://www.travel.taipei/streams/scenery_file_audio/c20.mp3","
","國立故宮博物院,  士林區,121.5496,25.1013,https://www.travel.taipei/d_upload_ttn/sceneadmin/image/A0/B0/C0/D14/E810/F21/48d66fbd-1ba3-4efd-837a-3767db5f52e0.jpghttps://www.travel.taipei/d_upload_ttn/sceneadmin/pic/11000721.jpghttps://www.travel.taipei/d_upload_ttn/sceneadmin/pic/11000723.jpghttps://www.travel.taipei/d_upload_ttn/sceneadmin/pic/11000722.jpghttps://www.travel.taipei/streams/scenery_file_audio/c18.mp3","
","北投圖書館,  北投區,121.506343,25.136571,https://www.travel.taipei/d_upload_ttn/sceneadmin/image/A0/B0/C1/D878/E726/F304/2d6e8b50-76ce-4b7e-a795-0357cd6f2b3e.jpghttps://www.travel.taipei/d_upload_ttn/sceneadmin/image/A0/B0/C0/D975/E0/F413/b7c25472-02a3-4a02-ac57-8d3f6e8ce31b.jpghttps://www.travel.taipei/d_upload_ttn/sceneadmin/image/A0/B0/C0/D102/E786/F657/5613da59-eccd-4f6e-a36e-57a5859e69a6.jpghttps://www.travel.taipei/d_upload_ttn/sceneadmin/image/A0/B0/C0/D308/E138/F645/89de2827-154f-4eef-b4e4-6257696d75e3.jpghttps://www.travel.taipei/d_upload_ttn/sceneadmin/image/A0/B0/C1/D236/E235/F92/ac302ead-7e8b-460d-9b5b-47ad6c499a2b.jpghttps://www.travel.taipei/d_upload_ttn/sceneadmin/image/A0/B0/C1/D300/E650/F612/77a5d18b-408e-4014-9b1b-139221d19c75.jpghttps://www.travel.taipei/d_upload_ttn/sceneadmin/image/A0/B0/C2/D126/E638/F475/ea200217-fe4c-478a-ba69-fa4d8e21ea4e.jpghttps://www.travel.taipei/d_upload_ttn/sceneadmin/image/A0/B0/C1/D14/E779/F303/0e662a4f-e067-4458-805d-018b35e7190b.jpghttps://www.travel.taipei/d_upload_ttn/sceneadmin/image/A0/B0/C0/D575/E446/F910/e6dd881c-d482-4349-a603-f638f79fa9bc.jpghttps://www.travel.taipei/d_upload_ttn/sceneadmin/image/A0/B0/C0/D70/E355/F727/a43a93db-8f89-4a4c-bcc7-e4848083bf8b.jpghttps://www.travel.taipei/d_upload_ttn/sceneadmin/image/A0/B0/C1/D600/E4/F278/821c3b49-ab95-4828-bfc4-40e436611399.jpghttps://www.travel.taipei/d_upload_ttn/sceneadmin/image/A0/B0/C0/D776/E305/F208/14f1e441-839c-4d73-b524-e25e075e5f7a.jpghttps://www.travel.taipei/d_upload_ttn/sceneadmin/image/A0/B0/C1/D68/E883/F368/ff34f438-0a5d-4840-9829-ba6a47d9bc2f.jpghttps://www.travel.taipei/streams/scenery_file_audio/c16.mp3","
","陽明山溫泉區,  北投區,121.547742,25.15579,https://www.travel.taipei/d_upload_ttn/sceneadmin/pic/11000985.jpghttps://www.travel.taipei/d_upload_ttn/sceneadmin/pic/11000987.jpg","
","關渡、金色水岸、八里左岸自行車道,  北投區,121.465255,25.124904,https://www.travel.taipei/d_upload_ttn/sceneadmin/pic/11000979.jpghttps://www.travel.taipei/d_upload_ttn/sceneadmin/image/A0/B0/C0/D8/E522/F82/a484053b-bdb9-4c1f-87c3-12408399e743.jpghttps://www.travel.taipei/d_upload_ttn/sceneadmin/image/A0/B0/C0/D0/E823/F612/894d8150-eab9-4cfb-9a97-b9bbff2a2929.jpghttps://www.travel.taipei/d_upload_ttn/sceneadmin/image/A0/B0/C0/D12/E365/F861/050a57f2-aac0-4ccc-9723-5d88babb98c5.jpghttps://www.travel.taipei/d_upload_ttn/sceneadmin/image/A0/B0/C0/D30/E198/F431/4f8f3bac-295c-476b-9057-55ebfcd59eb0.jpghttps://www.travel.taipei/d_upload_ttn/sceneadmin/image/A0/B0/C0/D16/E778/F695/cf08fd34-debe-4703-96ae-e7d458bb3c13.jpghttps://www.travel.taipei/d_upload_ttn/sceneadmin/image/A0/B0/C0/D13/E62/F774/ebfa80b9-0a86-4c88-9600-fff628249b83.jpghttps://www.travel.taipei/streams/sceneadmin/video/100C4.mp3","
","大安森林公園,  大安區,121.5362,25.0296,https://www.travel.taipei/d_upload_ttn/sceneadmin/image/A0/B0/C0/D11/E257/F345/546f42a1-cbfb-49fc-b4d8-c33f1c44190c.jpghttps://www.travel.taipei/d_upload_ttn/sceneadmin/image/A0/B0/C0/D31/E337/F270/85f03be7-cd0c-4bde-812f-7b7f603d7281.jpghttps://www.travel.taipei/d_upload_ttn/sceneadmin/image/A0/B0/C0/D5/E118/F202/2f1620b9-38b1-4c17-843b-5fed2a5ae31e.jpghttps://www.travel.taipei/d_upload_ttn/sceneadmin/image/A0/B0/C0/D7/E895/F87/f3eb1428-6152-4c15-b328-575d59e4477c.jpghttps://www.travel.taipei/d_upload_ttn/sceneadmin/image/A0/B0/C0/D12/E556/F480/9461764b-0049-480c-9f96-ca1c1fb2b9bc.jpghttps://www.travel.taipei/d_upload_ttn/sceneadmin/image/A0/B0/C0/D18/E762/F342/78245221-888e-44d0-ad0c-72a8e3494538.jpghttps://www.travel.taipei/d_upload_ttn/sceneadmin/image/A0/B0/C0/D22/E222/F927/dce66fe1-6277-422d-8537-e5cb8fe8aaa5.jpghttps://www.travel.taipei/d_upload_ttn/sceneadmin/image/A0/B0/C0/D17/E672/F642/f4201ef7-2137-447c-b832-c1d699142675.jpg","
","地熱谷,  北投區,121.511592,25.137940,https://www.travel.taipei/d_upload_ttn/sceneadmin/pic/11003993.jpghttps://www.travel.taipei/d_upload_ttn/sceneadmin/image/A0/B0/C1/D457/E341/F171/f6dc25a6-cc44-4e4d-a7ea-aea011e2aa65.jpghttps://www.travel.taipei/d_upload_ttn/sceneadmin/image/A0/B0/C1/D375/E862/F67/dcada704-a151-4b49-ac44-a349e7761973.jpghttps://www.travel.taipei/d_upload_ttn/sceneadmin/image/A0/B0/C1/D293/E834/F864/7493ca40-985e-4d7e-9340-f738b6096c26.jpghttps://www.travel.taipei/d_upload_ttn/sceneadmin/image/A0/B0/C1/D988/E745/F29/cc1e0a3a-0e3c-47dc-88b8-9c7a9ddc606e.jpghttps://www.travel.taipei/d_upload_ttn/sceneadmin/image/A0/B0/C0/D37/E611/F805/ec29667c-0ff6-435a-ab82-2905492d04fc.jpghttps://www.travel.taipei/d_upload_ttn/sceneadmin/image/A0/B0/C1/D202/E23/F478/a219480b-2bb0-4e80-9069-2704c7904545.jpghttps://www.travel.taipei/streams/scenery_file_audio/c17.mp3","
","南港山系-象山親山步道,  信義區,121.571970,25.023757,https://www.travel.taipei/d_upload_ttn/sceneadmin/pic/11001481.jpghttps://www.travel.taipei/d_upload_ttn/sceneadmin/image/A0/B0/C2/D74/E860/F223/f28f9ff0-a457-4687-8630-bb5bfb793d46.jpghttps://www.travel.taipei/d_upload_ttn/sceneadmin/image/A0/B0/C1/D611/E706/F767/6fb1cf1e-2a55-4f91-869f-c8f351eb930e.JPGhttps://www.travel.taipei/d_upload_ttn/sceneadmin/image/A0/B0/C0/D572/E387/F102/16450703-7326-431d-88b1-8ef186b4e6bb.jpghttps://www.travel.taipei/d_upload_ttn/sceneadmin/image/A0/B0/C2/D17/E196/F373/c36702c0-19aa-4764-80a2-8198fd7db6a6.jpghttps://www.travel.taipei/d_upload_ttn/sceneadmin/image/A0/B0/C1/D159/E22/F531/39d4d623-1a7b-40fd-95d7-4260702ea36e.jpg","
","艋舺龍山寺,  萬華區,121.499962,25.036798,https://www.travel.taipei/d_upload_ttn/sceneadmin/image/A0/B0/C0/D226/E920/F665/1f26af86-e907-44c9-b4d7-5c498dacfc6c.jpghttps://www.travel.taipei/d_upload_ttn/sceneadmin/image/A0/B0/C1/D980/E373/F435/525bd753-2dbf-4869-9705-021731d78fa6.jpghttps://www.travel.taipei/d_upload_ttn/sceneadmin/image/A0/B0/C0/D824/E483/F803/d7db91a8-53c8-491e-90d0-c0abd824a1b2.jpghttps://www.travel.taipei/d_upload_ttn/sceneadmin/image/A0/B0/C1/D817/E864/F708/c8ad1ef2-e93d-40b7-a042-49a37e7c77e7.jpghttps://www.travel.taipei/d_upload_ttn/sceneadmin/image/A0/B0/C1/D9/E832/F14/44bcb0c8-d34a-45f5-9e03-6df61bd9cff2.jpghttps://www.travel.taipei/d_upload_ttn/sceneadmin/image/A0/B0/C0/D460/E789/F827/a1fa9fa9-175f-49cd-a2d8-1bd63d9e595f.jpghttps://www.travel.taipei/d_upload_ttn/sceneadmin/image/A0/B0/C1/D86/E848/F317/e4b7a6d8-c311-40e4-8c4b-a4d55cd61827.jpghttps://www.travel.taipei/d_upload_ttn/sceneadmin/image/A0/B0/C0/D236/E128/F503/95c497d1-8b33-4939-bc46-adf8c6b9be3b.jpghttps://www.travel.taipei/d_upload_ttn/sceneadmin/image/A0/B0/C0/D155/E70/F743/af11e3e5-571a-49e6-b05e-b9a7d2806b99.jpghttps://www.travel.taipei/d_upload_ttn/sceneadmin/image/A0/B0/C0/D340/E207/F329/a24abf6c-da89-4d1c-8717-d8877a6cf9ea.jpghttps://www.travel.taipei/d_upload_ttn/sceneadmin/image/A0/B0/C0/D608/E258/F429/9749828f-ea26-4c2d-a2c7-33c83d457216.jpghttps://www.travel.taipei/d_upload_ttn/sceneadmin/image/A0/B0/C0/D720/E917/F181/e32ca317-2171-41b3-9cd9-3dfef48466e9.jpghttps://www.travel.taipei/d_upload_ttn/sceneadmin/image/A0/B0/C0/D872/E849/F132/7ffafecb-7fc5-48c1-9230-2018b4efbc6b.jpghttps://www.travel.taipei/d_upload_ttn/sceneadmin/image/A0/B0/C1/D213/E267/F622/b3a681c0-2c0e-4992-b235-3e967cf643df.jpghttps://www.travel.taipei/d_upload_ttn/sceneadmin/image/A0/B0/C0/D215/E745/F224/59f07278-056d-4d51-aa31-2b44ba6c6877.jpghttps://www.travel.taipei/d_upload_ttn/sceneadmin/image/A0/B0/C1/D574/E642/F20/a56e74bf-a2c4-44ec-9cd8-5b9c3c035b7d.jpghttps://www.travel.taipei/d_upload_ttn/sceneadmin/image/A0/B0/C1/D746/E248/F126/cc9cc473-f729-4504-b702-eb65856fcbe8.jpghttps://www.travel.taipei/streams/scenery_file_audio/c09.mp3https://www.travel.taipei/streams/video/DISC3-3.flv","
","行天宮,  中山區,121.533838,25.063059,https://www.travel.taipei/d_upload_ttn/sceneadmin/image/A0/B0/C1/D509/E14/F983/d5f49ce0-139c-4e8b-81cf-39e2b32e79bf.jpghttps://www.travel.taipei/d_upload_ttn/sceneadmin/image/A0/B0/C0/D738/E481/F193/d429a5f5-50be-47f3-9414-3b80c9c90c01.jpghttps://www.travel.taipei/d_upload_ttn/sceneadmin/image/A0/B0/C0/D871/E160/F918/626ead8f-761e-4d34-bc48-0abacf395314.jpghttps://www.travel.taipei/d_upload_ttn/sceneadmin/image/A0/B0/C1/D919/E394/F720/04fcd4a3-82b5-4d3c-be35-f17c1c312f78.jpghttps://www.travel.taipei/d_upload_ttn/sceneadmin/image/A0/B0/C0/D55/E925/F118/a855d136-14f5-4a1f-bc79-7fb61fd9efd1.jpghttps://www.travel.taipei/d_upload_ttn/sceneadmin/image/A0/B0/C0/D296/E89/F569/a743a87f-653f-49b2-b48b-f3d7aa4a4fb4.jpghttps://www.travel.taipei/d_upload_ttn/sceneadmin/pic/11001497.jpghttps://www.travel.taipei/d_upload_ttn/sceneadmin/pic/11001498.jpghttps://www.travel.taipei/streams/scenery_file_audio/c24.mp3https://www.travel.taipei/streams/video/DISC1-04.flv","
","梅庭,  北投區,121.508682,25.137025,https://www.travel.taipei/d_upload_ttn/sceneadmin/image/A0/B0/C1/D931/E93/F956/374f6b31-840b-407f-82b7-e6f70d4d0c49.JPGhttps://www.travel.taipei/d_upload_ttn/sceneadmin/image/A0/B0/C0/D670/E788/F892/a8db3cfc-d3ce-416c-98db-767282a0de39.JPGhttps://www.travel.taipei/d_upload_ttn/sceneadmin/image/A0/B0/C0/D431/E683/F58/c490188d-8b4e-44a2-8807-76342b0ce2cd.jpghttps://www.travel.taipei/d_upload_ttn/sceneadmin/pic/11003386.jpghttps://www.travel.taipei/d_upload_ttn/sceneadmin/pic/11003387.jpghttps://www.travel.taipei/d_upload_ttn/sceneadmin/pic/11003388.jpg","
","中正紀念堂,  中正區,121.52194,25.03471,https://www.travel.taipei/d_upload_ttn/sceneadmin/pic/11000375.jpghttps://www.travel.taipei/d_upload_ttn/sceneadmin/image/A0/B0/C0/D955/E18/F665/d3d2803e-1486-4755-bf40-84fe3bbaf915.JPGhttps://www.travel.taipei/d_upload_ttn/sceneadmin/image/A0/B0/C1/D780/E495/F665/a29f9635-684c-4807-9e3a-1c6fe6ae0f67.JPGhttps://www.travel.taipei/d_upload_ttn/sceneadmin/image/A0/B0/C1/D431/E68/F318/a90b547a-d1f3-4069-a6a2-23978c264bd6.JPGhttps://www.travel.taipei/d_upload_ttn/sceneadmin/image/A0/B0/C0/D256/E654/F329/da0748f0-f702-4f84-816c-8470251c5de1.JPGhttps://www.travel.taipei/d_upload_ttn/sceneadmin/image/A0/B0/C0/D875/E295/F988/b3e5f559-7a08-49be-aca5-493009c3c98b.JPGhttps://www.travel.taipei/d_upload_ttn/sceneadmin/pic/11001495.jpghttps://www.travel.taipei/d_upload_ttn/sceneadmin/pic/11000376.jpghttps://www.travel.taipei/streams/scenery_file_audio/c05.mp3","
","台北探索館,  信義區,121.56376,25.03758,https://www.travel.taipei/d_upload_ttn/sceneadmin/image/A0/B0/C0/D6/E578/F270/f6f669d9-997f-48c0-845a-be267b3d6ad5.jpghttps://www.travel.taipei/d_upload_ttn/sceneadmin/pic/11000400.jpghttps://www.travel.taipei/d_upload_ttn/cms/image/A0/B0/C0/D29/E472/F556/be224ffa-fb0f-4a77-88fc-c448aac3096c.jpghttps://www.travel.taipei/d_upload_ttn/sceneadmin/pic/11000401.jpghttps://www.travel.taipei/d_upload_ttn/sceneadmin/pic/11000402.jpghttps://www.travel.taipei/streams/scenery_file_audio/c01.mp3","
","二格山系-指南宮貓空親山步道,  文山區,121.581059,24.984413,https://www.travel.taipei/d_upload_ttn/sceneadmin/pic/11002820.jpghttps://www.travel.taipei/streams/scenecms/maokong.flvhttps://www.travel.taipei/streams/scenecms/taiwanTea.flvhttps://www.travel.taipei/streams/scenecms/09003481-MK.flv","
","北投溫泉博物館,  北投區,121.507153,25.136691,https://www.travel.taipei/d_upload_ttn/sceneadmin/pic/11000382.jpghttps://www.travel.taipei/d_upload_ttn/sceneadmin/pic/11000383.jpghttps://www.travel.taipei/d_upload_ttn/sceneadmin/pic/11000384.jpghttps://www.travel.taipei/streams/scenery_file_audio/c15.mp3https://www.travel.taipei/streams/video/DISC4-2.flv","
","琉園水晶博物館(暫時休館),  北投區,121.468942,25.127255,https://www.travel.taipei/d_upload_ttn/sceneadmin/pic/11000813.jpghttps://www.travel.taipei/d_upload_ttn/sceneadmin/pic/11000814.jpghttps://www.travel.taipei/d_upload_ttn/sceneadmin/pic/11000815.jpg","
","華山1914文化創意產業園區,  中正區,121.52887,25.04381,https://www.travel.taipei/d_upload_ttn/sceneadmin/pic/11000956.jpghttps://www.travel.taipei/d_upload_ttn/sceneadmin/pic/11000957.jpghttps://www.travel.taipei/d_upload_ttn/sceneadmin/pic/11000958.jpghttps://www.travel.taipei/d_upload_ttn/sceneadmin/image/A0/B0/C0/D499/E544/F2/86bda1ad-6f2d-417b-8b45-eddae6248f0f.JPGhttps://www.travel.taipei/d_upload_ttn/sceneadmin/image/A0/B0/C0/D525/E140/F600/36bb3478-9b45-4499-8898-15acd2294d05.JPGhttps://www.travel.taipei/d_upload_ttn/sceneadmin/image/A0/B0/C1/D888/E176/F255/49910181-c550-4bd3-a16a-5cacb4b97462.JPGhttps://www.travel.taipei/d_upload_ttn/sceneadmin/image/A0/B0/C0/D986/E817/F348/67002303-5404-4e48-9d90-6de92ca5437e.JPGhttps://www.travel.taipei/d_upload_ttn/sceneadmin/image/A0/B0/C1/D957/E128/F841/ea77b704-4952-4c74-a86d-0f902f5953b7.jpghttps://www.travel.taipei/streams/video/DISC2-5.flv","
","長榮海事博物館,  中正區,121.518770,25.038728,https://www.travel.taipei/d_upload_ttn/sceneadmin/pic/11002524.jpghttps://www.travel.taipei/d_upload_ttn/sceneadmin/pic/11002525.jpg","
","台北101,  信義區,121.564837,25.033194,https://www.travel.taipei/d_upload_ttn/sceneadmin/pic/11000361.jpghttps://www.travel.taipei/d_upload_ttn/sceneadmin/image/A0/B0/C1/D130/E790/F130/8b46b790-5fdf-4369-8429-348d9696ea92.JPGhttps://www.travel.taipei/d_upload_ttn/sceneadmin/image/A0/B0/C1/D402/E409/F249/2a551144-e610-4b63-9a20-1375d9441760.jpghttps://www.travel.taipei/d_upload_ttn/sceneadmin/image/A0/B0/C1/D650/E582/F435/db61896d-ea35-4eb6-ace3-6c2dc3038610.jpghttps://www.travel.taipei/d_upload_ttn/sceneadmin/image/A0/B0/C0/D667/E878/F23/568a82a3-0f2a-441f-9974-aebf8ecf6930.JPGhttps://www.travel.taipei/d_upload_ttn/sceneadmin/image/A0/B0/C0/D519/E715/F127/87a06da8-db84-499c-b36e-7793f64bfcc2.jpghttps://www.travel.taipei/d_upload_ttn/sceneadmin/pic/11000362.jpghttps://www.travel.taipei/d_upload_ttn/sceneadmin/pic/11000363.jpghttps://www.travel.taipei/streams/scenery_file_audio/c02.mp3","
","袖珍博物館,  中山區,121.536287,25.050375,https://www.travel.taipei/d_upload_ttn/sceneadmin/pic/11000762.jpghttps://www.travel.taipei/d_upload_ttn/sceneadmin/pic/11000763.jpghttps://www.travel.taipei/d_upload_ttn/sceneadmin/pic/11000764.jpg","
","新店溪、大漢溪與淡水河自行車道,  萬華區,121.504196,25.020141,https://www.travel.taipei/d_upload_ttn/sceneadmin/pic/11000980.jpghttps://www.travel.taipei/d_upload_ttn/sceneadmin/pic/11000982.jpghttps://www.travel.taipei/d_upload_ttn/sceneadmin/pic/11000983.jpghttps://www.travel.taipei/d_upload_ttn/sceneadmin/image/A0/B0/C0/D24/E509/F112/066aa66a-5743-4615-8f3a-e7f64ec08e1b.jpghttps://www.travel.taipei/streams/scenecms/bikeWay.flv","
","北投公園,  北投區,121.507289,25.136663,https://www.travel.taipei/d_upload_ttn/sceneadmin/image/A0/B0/C0/D0/E196/F761/d15e55ea-c2a2-41cf-a931-42adab2bb739.jpghttps://www.travel.taipei/d_upload_ttn/sceneadmin/image/A0/B0/C0/D0/E197/F985/2e61e8f0-7e1d-459e-97ee-02ffff0cee99.jpghttps://www.travel.taipei/d_upload_ttn/sceneadmin/image/A0/B0/C0/D0/E196/F762/8d8f3999-105b-47b0-9dee-39786b568c3a.jpghttps://www.travel.taipei/d_upload_ttn/sceneadmin/image/A0/B0/C0/D0/E197/F986/6506b4b3-4cba-4929-9d7d-80a7926642a0.jpghttps://www.travel.taipei/d_upload_ttn/sceneadmin/image/A0/B0/C1/D167/E884/F897/c8e066fc-3b17-4eec-b3ff-2db04ff8d87a.JPGhttps://www.travel.taipei/d_upload_ttn/sceneadmin/image/A0/B0/C1/D455/E36/F462/1c90821c-b718-4212-ac3e-6f07cbd83518.JPGhttps://www.travel.taipei/d_upload_ttn/sceneadmin/image/A0/B0/C0/D758/E854/F6/676d0444-3ac7-4f49-9cbe-5f9b00f5d4c4.JPGhttps://www.travel.taipei/d_upload_ttn/sceneadmin/image/A0/B0/C1/D223/E290/F204/7b0d35ac-33f2-45ce-9d79-d427970553f3.JPGhttps://www.travel.taipei/streams/scenery_file_audio/c14.mp3","
","台北霞海城隍廟,  大同區,121.510085,25.055565,https://www.travel.taipei/d_upload_ttn/sceneadmin/pic/11000930.jpghttps://www.travel.taipei/d_upload_ttn/sceneadmin/image/A0/B0/C0/D692/E511/F99/400375a8-7dcf-4244-a745-04c644b54446.JPGhttps://www.travel.taipei/d_upload_ttn/sceneadmin/image/A0/B0/C1/D350/E39/F859/abe7cccf-774b-4324-ad79-1dc0e643f5cd.JPGhttps://www.travel.taipei/d_upload_ttn/sceneadmin/image/A0/B0/C0/D79/E735/F685/593de6f4-9fdf-4d7b-93b1-bc39b36c986c.JPGhttps://www.travel.taipei/d_upload_ttn/sceneadmin/image/A0/B0/C1/D332/E764/F730/f395c1db-3cdc-4cd3-8ed0-385047dccfd4.JPGhttps://www.travel.taipei/streams/sceneadmin/video/100C2.mp3https://www.travel.taipei/streams/video/DISC1-10.flv","
","國父紀念館,  信義區,121.560314,25.040055,https://www.travel.taipei/d_upload_ttn/sceneadmin/pic/11000358.jpghttps://www.travel.taipei/d_upload_ttn/sceneadmin/image/A0/B0/C0/D756/E285/F317/2ece2309-3d1c-49da-8d3a-32e0227e7732.JPGhttps://www.travel.taipei/d_upload_ttn/sceneadmin/image/A0/B0/C1/D379/E118/F25/554586cb-cf2d-40ef-9b6a-55fcf8d9e598.JPGhttps://www.travel.taipei/d_upload_ttn/sceneadmin/image/A0/B0/C1/D856/E130/F366/21ed2d17-7610-4ad2-b517-5b1b0007612a.JPGhttps://www.travel.taipei/d_upload_ttn/sceneadmin/pic/11000360.jpghttps://www.travel.taipei/d_upload_ttn/sceneadmin/image/A0/B0/C1/D356/E17/F185/b1a2de52-4110-4355-a9fb-bf1d0eb627c9.JPGhttps://www.travel.taipei/d_upload_ttn/sceneadmin/image/A0/B0/C0/D593/E103/F285/1633c311-e148-4d03-bb43-292d816951d2.JPGhttps://www.travel.taipei/d_upload_ttn/sceneadmin/pic/11000359.jpghttps://www.travel.taipei/streams/scenery_file_audio/c03.mp3","
","陽明山國家公園,  士林區,121.547742,25.15579,https://www.travel.taipei/d_upload_ttn/sceneadmin/pic/11003994.JPGhttps://www.travel.taipei/d_upload_ttn/sceneadmin/pic/11003995.JPGhttps://www.travel.taipei/d_upload_ttn/sceneadmin/pic/11003996.jpg","
","臺北市立動物園,  文山區,121.58211,24.99883,https://www.travel.taipei/d_upload_ttn/sceneadmin/pic/11003997.JPGhttps://www.travel.taipei/d_upload_ttn/sceneadmin/pic/11003998.JPGhttps://www.travel.taipei/d_upload_ttn/sceneadmin/pic/11003999.JPGhttps://www.travel.taipei/streams/scenery_file_audio/c13.mp3","
","碧湖公園,  內湖區,121.581244,25.082220,https://www.travel.taipei/d_upload_ttn/sceneadmin/pic/11002936.jpghttps://www.travel.taipei/d_upload_ttn/sceneadmin/pic/11002937.jpghttps://www.travel.taipei/d_upload_ttn/sceneadmin/pic/11002938.jpghttps://www.travel.taipei/d_upload_ttn/sceneadmin/image/A0/B0/C1/D982/E325/F622/4c5f8ce8-7709-4966-8656-7bd7fdf576b6.jpghttps://www.travel.taipei/d_upload_ttn/sceneadmin/image/A0/B0/C0/D845/E417/F685/045171b3-391d-4c9d-8bcb-fc195046658a.jpghttps://www.travel.taipei/d_upload_ttn/sceneadmin/image/A0/B0/C0/D527/E929/F254/772310ff-cde6-49f6-a098-44e384703bbf.jpghttps://www.travel.taipei/d_upload_ttn/sceneadmin/image/A0/B0/C0/D521/E582/F322/18fd42af-1186-4217-b05d-366d162ca4b0.jpg","
","基隆河左、右岸親水,  士林區,121.530239,25.071668,https://www.travel.taipei/d_upload_ttn/sceneadmin/pic/11000840.jpghttps://www.travel.taipei/d_upload_ttn/sceneadmin/pic/11000841.jpghttps://www.travel.taipei/d_upload_ttn/sceneadmin/pic/11000842.jpg","
","大湖公園,  內湖區,121.60231,25.08282,https://www.travel.taipei/d_upload_ttn/sceneadmin/image/A0/B0/C0/D727/E874/F732/1f40db60-ded0-416a-976e-baeea0464d8e.jpghttps://www.travel.taipei/d_upload_ttn/sceneadmin/image/A0/B0/C0/D601/E973/F153/a4af35d8-08c4-41d1-9363-a0a9f55ad5c8.jpghttps://www.travel.taipei/d_upload_ttn/sceneadmin/image/A0/B0/C2/D49/E363/F267/10e37372-17d6-477f-aeb0-ed8ad0a2df25.jpghttps://www.travel.taipei/d_upload_ttn/sceneadmin/image/A0/B0/C0/D458/E633/F228/eafb1fde-13f7-4341-8aab-d6d49ae8ae95.jpghttps://www.travel.taipei/d_upload_ttn/sceneadmin/image/A0/B0/C0/D388/E0/F155/2d1e7382-2d50-4842-9ad5-2bc1a2eafc81.jpghttps://www.travel.taipei/d_upload_ttn/sceneadmin/pic/11002932.jpghttps://www.travel.taipei/d_upload_ttn/sceneadmin/pic/11002930.jpghttps://www.travel.taipei/d_upload_ttn/sceneadmin/pic/11002931.jpg","
","臺北忠烈祠,  中山區,121.5330,25.0788,https://www.travel.taipei/d_upload_ttn/sceneadmin/pic/11000791.jpghttps://www.travel.taipei/d_upload_ttn/sceneadmin/pic/11000792.jpghttps://www.travel.taipei/d_upload_ttn/sceneadmin/pic/11000793.jpg","
","關渡碼頭-甘豆門,  北投區,121.461523,25.122507,https://www.travel.taipei/d_upload_ttn/sceneadmin/pic/11000838.jpghttps://www.travel.taipei/d_upload_ttn/sceneadmin/image/A0/B0/C0/D19/E175/F181/dfdbf582-0eb6-463f-942d-0740365f8e07.jpghttps://www.travel.taipei/d_upload_ttn/sceneadmin/pic/11000839.jpghttps://www.travel.taipei/d_upload_ttn/sceneadmin/pic/11000854.jpg","
","社子島環島與二重疏洪道自行車道,  士林區,121.503137,25.08952,https://www.travel.taipei/d_upload_ttn/sceneadmin/pic/11000846.jpghttps://www.travel.taipei/d_upload_ttn/sceneadmin/pic/11000847.jpghttps://www.travel.taipei/d_upload_ttn/sceneadmin/image/A0/B0/C0/D10/E903/F337/b20fd104-4a48-439d-8300-65be9ab24e27.jpghttps://www.travel.taipei/d_upload_ttn/sceneadmin/image/A0/B0/C0/D23/E53/F712/c18b5603-0fd6-4f4f-b7b7-c61dfe4c7c62.jpghttps://www.travel.taipei/d_upload_ttn/sceneadmin/image/A0/B0/C0/D28/E492/F539/c008d311-b347-4b26-9bae-e97f02614580.jpg","
","七星山系-天母古道親山步道,  士林區,121.534101,25.126878,https://www.travel.taipei/d_upload_ttn/sceneadmin/pic/11000377.jpghttps://www.travel.taipei/d_upload_ttn/sceneadmin/pic/11000378.jpghttps://www.travel.taipei/d_upload_ttn/sceneadmin/pic/11000379.jpghttps://www.travel.taipei/d_upload_ttn/sceneadmin/pic/10002979.jpghttps://www.travel.taipei/d_upload_ttn/sceneadmin/pic/10002980.jpghttps://www.travel.taipei/streams/video/DISC4-3.flv","
","台北當代藝術館,  大同區,121.51892,25.05072,https://www.travel.taipei/d_upload_ttn/sceneadmin/pic/11000735.jpghttps://www.travel.taipei/d_upload_ttn/sceneadmin/pic/11000736.jpghttps://www.travel.taipei/d_upload_ttn/sceneadmin/pic/11000737.jpg","
","光點臺北,  中山區,121.522450,25.053225,https://www.travel.taipei/d_upload_ttn/sceneadmin/pic/11000394.jpghttps://www.travel.taipei/d_upload_ttn/sceneadmin/pic/11000395.jpghttps://www.travel.taipei/d_upload_ttn/sceneadmin/pic/11000396.jpghttps://www.travel.taipei/streams/video/DISC1-02.flv","
","臺北市立美術館,  中山區,121.524340,25.072852,https://www.travel.taipei/d_upload_ttn/sceneadmin/image/A0/B0/C0/D532/E822/F530/e168789d-2c35-4c18-af07-04185601e3da.jpghttps://www.travel.taipei/d_upload_ttn/sceneadmin/image/A0/B0/C1/D344/E484/F771/2d2eccef-162e-4ac4-9722-fc3b0e2c6110.jpghttps://www.travel.taipei/d_upload_ttn/sceneadmin/image/A0/B0/C0/D404/E592/F291/4dfd6638-a24c-4983-81ef-5e91d73accb0.jpghttps://www.travel.taipei/d_upload_ttn/sceneadmin/image/A0/B0/C0/D331/E422/F131/684f3efd-9b61-4f25-a832-36de377c69ec.jpghttps://www.travel.taipei/d_upload_ttn/sceneadmin/image/A0/B0/C0/D322/E388/F939/22f4016c-a40c-4942-a09f-cf7754f0a000.jpghttps://www.travel.taipei/d_upload_ttn/sceneadmin/image/A0/B0/C0/D107/E123/F360/46edf269-31c1-43cb-98bd-4401b53d53ab.jpghttps://www.travel.taipei/d_upload_ttn/sceneadmin/image/A0/B0/C1/D248/E357/F619/efb1e86c-1ed3-4bef-aea4-9c2ff3f1f2d9.jpghttps://www.travel.taipei/d_upload_ttn/sceneadmin/image/A0/B0/C2/D98/E227/F437/08334d3d-fae9-46ab-8f46-82f3f45e32fe.jpghttps://www.travel.taipei/d_upload_ttn/sceneadmin/image/A0/B0/C1/D136/E587/F725/f05955d1-7198-4062-b619-1f6658355305.jpghttps://www.travel.taipei/d_upload_ttn/sceneadmin/image/A0/B0/C2/D45/E165/F564/f39eede8-35d8-4331-a1fd-82f42209e65f.jpghttps://www.travel.taipei/d_upload_ttn/sceneadmin/image/A0/B0/C1/D251/E512/F591/57b24366-f781-40e5-b0fa-dae8de34e34d.jpghttps://www.travel.taipei/d_upload_ttn/sceneadmin/image/A0/B0/C1/D489/E529/F95/7c9d5e5a-b38d-4a5a-9e1b-08a614a4baf1.jpghttps://www.travel.taipei/d_upload_ttn/sceneadmin/image/A0/B0/C2/D122/E140/F250/733831d0-e6e3-4587-b496-1bde4dbaaaa7.jpghttps://www.travel.taipei/streams/scenery_file_audio/c22.mp3","
","行天宮北投分宮-忠義廟,  北投區,121.47744,25.13748,https://www.travel.taipei/d_upload_ttn/sceneadmin/pic/11002395.jpghttps://www.travel.taipei/d_upload_ttn/sceneadmin/pic/11002396.jpghttps://www.travel.taipei/d_upload_ttn/sceneadmin/pic/11002397.jpg","
","景美溪左、右岸自行車道,  文山區,121.587451,25.0029,https://www.travel.taipei/d_upload_ttn/sceneadmin/pic/11000844.jpghttps://www.travel.taipei/d_upload_ttn/sceneadmin/pic/11000845.jpg","
","國立歷史博物館,  中正區,121.51121,25.03161,https://www.travel.taipei/d_upload_ttn/sceneadmin/pic/11000725.jpghttps://www.travel.taipei/d_upload_ttn/sceneadmin/pic/11000726.jpghttps://www.travel.taipei/d_upload_ttn/sceneadmin/pic/11000727.jpg","
","冷水坑溫泉區,  士林區,121.56286,25.16791,https://www.travel.taipei/d_upload_ttn/sceneadmin/pic/11000851.jpghttps://www.travel.taipei/d_upload_ttn/sceneadmin/pic/11000852.jpghttps://www.travel.taipei/d_upload_ttn/sceneadmin/pic/11000986.jpg","
","西門紅樓,  萬華區,121.506885,25.042057,https://www.travel.taipei/d_upload_ttn/sceneadmin/image/A0/B0/C1/D237/E878/F721/4079be28-42bc-4153-aebd-6a1cbea84d5e.jpghttps://www.travel.taipei/d_upload_ttn/sceneadmin/image/A0/B0/C0/D0/E196/F394/04a253bf-bfc9-4a93-86b2-4c241b2aa596.jpghttps://www.travel.taipei/d_upload_ttn/sceneadmin/image/A0/B0/C0/D0/E196/F395/1a856acf-57ee-4658-8178-7d2f5a557bcf.jpghttps://www.travel.taipei/d_upload_ttn/sceneadmin/image/A0/B0/C0/D0/E197/F982/f84a0c50-2066-49ff-b214-76f882084f68.jpghttps://www.travel.taipei/d_upload_ttn/sceneadmin/image/A0/B0/C0/D0/E196/F393/a2aa55a3-d24b-4d0f-a6c7-540c415fd693.jpghttps://www.travel.taipei/streams/scenery_file_audio/c07.mp3https://www.travel.taipei/streams/video/DISC3-2.flv","
","松山慈祐宮,  松山區,121.57774,25.05103,https://www.travel.taipei/d_upload_ttn/sceneadmin/pic/11000935.jpghttps://www.travel.taipei/d_upload_ttn/sceneadmin/pic/11000936.jpghttps://www.travel.taipei/d_upload_ttn/sceneadmin/image/A0/B0/C1/D518/E245/F718/a9dbec5b-e853-45e4-ba68-4dfbad8bc792.JPGhttps://www.travel.taipei/d_upload_ttn/sceneadmin/image/A0/B0/C0/D127/E533/F287/eb3c4e09-e0e6-4cef-ab3f-39acd739919f.JPG","
","關渡宮,  北投區,121.464010,25.117655,https://www.travel.taipei/d_upload_ttn/sceneadmin/pic/11000948.jpghttps://www.travel.taipei/d_upload_ttn/sceneadmin/pic/11000949.jpg","
","北投文物館,  北投區,121.51479,25.13819,https://www.travel.taipei/d_upload_ttn/sceneadmin/image/A0/B0/C1/D330/E107/F267/f51c663d-f50a-4691-9c6b-e578afea70d3.jpghttps://www.travel.taipei/d_upload_ttn/sceneadmin/image/A0/B0/C1/D932/E980/F153/6645bd52-cb16-42f8-acb0-d1540bd8eb43.jpghttps://www.travel.taipei/d_upload_ttn/sceneadmin/image/A0/B0/C0/D22/E715/F944/d9b8681a-0ca5-4be4-a23f-de5dc68018a7.jpghttps://www.travel.taipei/d_upload_ttn/sceneadmin/image/A0/B0/C1/D608/E391/F422/44b48428-8e47-4826-ad4d-8b368a68c1bc.jpghttps://www.travel.taipei/d_upload_ttn/sceneadmin/image/A0/B0/C1/D246/E430/F217/d68ac12c-19be-4eb6-95fe-dfe9b4d3e305.jpghttps://www.travel.taipei/d_upload_ttn/sceneadmin/pic/11003654.jpghttps://www.travel.taipei/d_upload_ttn/sceneadmin/pic/11003655.jpghttps://www.travel.taipei/d_upload_ttn/sceneadmin/pic/11003656.jpghttps://www.travel.taipei/streams/scenery_file_audio/c34.mp3https://www.travel.taipei/streams/video/DISC4-1.flv","
","內溝溪景觀生態步道,  內湖區,121.62398,25.08037,https://www.travel.taipei/d_upload_ttn/sceneadmin/pic/11003130.jpghttps://www.travel.taipei/d_upload_ttn/sceneadmin/pic/11003131.jpghttps://www.travel.taipei/d_upload_ttn/sceneadmin/pic/11003132.jpg","
","二二八和平公園,  中正區,121.515468,25.040363,https://www.travel.taipei/d_upload_ttn/sceneadmin/pic/11000788.jpghttps://www.travel.taipei/d_upload_ttn/sceneadmin/pic/11000789.jpghttps://www.travel.taipei/d_upload_ttn/sceneadmin/pic/11000790.jpg","
","國立臺灣科學教育館,  士林區,121.5159,25.0959,https://www.travel.taipei/d_upload_ttn/sceneadmin/pic/11000729.jpghttps://www.travel.taipei/d_upload_ttn/sceneadmin/pic/11000730.jpghttps://www.travel.taipei/d_upload_ttn/sceneadmin/pic/11000731.jpg","
","指南宮,  文山區,121.587087,24.978651,https://www.travel.taipei/d_upload_ttn/sceneadmin/pic/11000932.jpghttps://www.travel.taipei/d_upload_ttn/sceneadmin/pic/11000933.jpghttps://www.travel.taipei/d_upload_ttn/sceneadmin/pic/11000934.jpghttps://www.travel.taipei/d_upload_ttn/sceneadmin/image/A0/B0/C1/D989/E186/F447/d2bfa355-eea7-4e71-8a91-f6604ce79ab2.JPGhttps://www.travel.taipei/streams/scenery_file_audio/c12.mp3","
","臺北啤酒工廠(原建國啤酒廠),  中山區,121.535389,25.046111,https://www.travel.taipei/d_upload_ttn/sceneadmin/pic/11000870.jpghttps://www.travel.taipei/d_upload_ttn/sceneadmin/image/A0/B0/C0/D371/E898/F512/d3cccbad-ae72-4762-929c-fac008d6d3b0.jpghttps://www.travel.taipei/d_upload_ttn/sceneadmin/image/A0/B0/C1/D519/E257/F225/0df58caa-52da-4b8c-bb5f-ed2048959aed.jpghttps://www.travel.taipei/d_upload_ttn/sceneadmin/image/A0/B0/C1/D254/E447/F299/69b4fb43-fe7f-4885-acec-ac52d217cd0d.jpghttps://www.travel.taipei/d_upload_ttn/sceneadmin/pic/11000871.jpghttps://www.travel.taipei/d_upload_ttn/sceneadmin/pic/11000872.jpghttps://www.travel.taipei/d_upload_ttn/sceneadmin/image/A0/B0/C2/D77/E448/F683/6b613168-2b91-4a93-bd90-930ec1fe74b8.jpghttps://www.travel.taipei/d_upload_ttn/sceneadmin/image/A0/B0/C0/D174/E397/F569/2eb6ed71-8218-49b9-8d15-19c07f54ad1f.jpg","
","松山文創園區,  信義區,121.560437,25.043303,https://www.travel.taipei/d_upload_ttn/sceneadmin/image/A0/B0/C0/D26/E563/F587/cdeaa2fb-0f0e-4f4a-a078-170d23520800.jpghttps://www.travel.taipei/d_upload_ttn/sceneadmin/image/A0/B0/C0/D2/E769/F162/3a46fb74-e6ca-4f51-b610-29b1de723578.JPGhttps://www.travel.taipei/d_upload_ttn/sceneadmin/image/A0/B0/C0/D19/E128/F424/8842bab6-c454-444c-a6e3-d98cd883ac90.JPGhttps://www.travel.taipei/d_upload_ttn/sceneadmin/image/A0/B0/C0/D32/E446/F891/11ee0f0b-3cc0-4fa0-9dc7-8bbb137d1075.JPG","
","大龍峒保安宮,  大同區,121.515416,25.073138,https://www.travel.taipei/d_upload_ttn/sceneadmin/image/A0/B0/C1/D775/E454/F120/05e7fcff-c925-4828-8e89-c0bfdd3bfe9c.JPGhttps://www.travel.taipei/d_upload_ttn/sceneadmin/image/A0/B0/C1/D826/E139/F975/ffabac59-b3a0-4727-9d37-c30a4cc6093e.jpghttps://www.travel.taipei/d_upload_ttn/sceneadmin/image/A0/B0/C0/D972/E863/F743/a3a89397-6579-412e-b71a-27b23835ab05.jpghttps://www.travel.taipei/d_upload_ttn/sceneadmin/image/A0/B0/C0/D746/E733/F45/d1ecce1c-53c9-4dd9-8fa4-0e91bd28d1f5.jpghttps://www.travel.taipei/d_upload_ttn/sceneadmin/image/A0/B0/C2/D81/E712/F503/f43e4753-d3ef-4869-94e4-bf6f3f8663ed.jpghttps://www.travel.taipei/d_upload_ttn/sceneadmin/image/A0/B0/C0/D663/E329/F864/56771b91-a0cb-4b4a-9ec7-4bb416fc3780.jpghttps://www.travel.taipei/d_upload_ttn/sceneadmin/image/A0/B0/C0/D294/E541/F682/d6e364d0-d353-4d3b-957e-d7fa79fc2edd.jpghttps://www.travel.taipei/d_upload_ttn/sceneadmin/image/A0/B0/C1/D816/E696/F709/6bd20bf6-a3f9-43fd-bb29-81ab40fd6ece.jpghttps://www.travel.taipei/d_upload_ttn/sceneadmin/image/A0/B0/C0/D58/E708/F270/ecb6e79c-9d65-4b6e-b556-f9066c957ba0.jpghttps://www.travel.taipei/d_upload_ttn/sceneadmin/image/A0/B0/C0/D806/E383/F408/db136b96-1c9b-492b-b3ac-e20109a58286.jpghttps://www.travel.taipei/d_upload_ttn/sceneadmin/image/A0/B0/C0/D774/E130/F870/b842ad63-e9ec-4200-9e1e-47d884726e6c.jpghttps://www.travel.taipei/d_upload_ttn/sceneadmin/image/A0/B0/C1/D264/E991/F489/93ae58ba-8715-45a3-9eaa-7540bfb8e55e.jpghttps://www.travel.taipei/d_upload_ttn/sceneadmin/image/A0/B0/C0/D586/E344/F82/085cc36f-a2a4-4108-ade3-06d38c0cf3da.jpghttps://www.travel.taipei/d_upload_ttn/sceneadmin/image/A0/B0/C1/D676/E494/F134/6aefe2c3-be7b-41d5-bdee-e63571a4f03e.jpghttps://www.travel.taipei/d_upload_ttn/sceneadmin/image/A0/B0/C1/D961/E124/F702/f13f5530-837f-4105-8c4b-26178933cf19.jpghttps://www.travel.taipei/d_upload_ttn/sceneadmin/image/A0/B0/C1/D97/E11/F79/15d07c32-20ff-49a4-bc14-d1bbd06cf361.jpghttps://www.travel.taipei/streams/scenery_file_audio/c41.mp3","
","雙溪生活水岸,  士林區,121.523704,25.098516,https://www.travel.taipei/d_upload_ttn/sceneadmin/pic/11002566.jpghttps://www.travel.taipei/d_upload_ttn/sceneadmin/pic/11002567.jpghttps://www.travel.taipei/d_upload_ttn/sceneadmin/pic/11002568.jpg","
","陽明山中山樓,  北投區,121.552772,25.155623,https://www.travel.taipei/d_upload_ttn/sceneadmin/image/A0/B0/C0/D370/E882/F626/420c6cf8-45c6-4c31-8e0a-42d44a1a5eac.jpghttps://www.travel.taipei/d_upload_ttn/sceneadmin/pic/11003127.jpghttps://www.travel.taipei/d_upload_ttn/sceneadmin/pic/11003128.jpghttps://www.travel.taipei/d_upload_ttn/sceneadmin/pic/11003129.jpg","
","臺北市鄉土教育中心(剝皮寮歷史街區),  萬華區,121.50326,25.03666,https://www.travel.taipei/d_upload_ttn/sceneadmin/image/A0/B0/C1/D75/E624/F107/4192a9df-e1cd-49a5-900f-c392ae6a16f6.jpghttps://www.travel.taipei/d_upload_ttn/sceneadmin/image/A0/B0/C1/D475/E740/F768/02b51f33-52ed-4399-89aa-900017eb5af9.jpghttps://www.travel.taipei/d_upload_ttn/sceneadmin/image/A0/B0/C0/D223/E65/F436/cae5ad97-223b-412f-8c50-3f24ab68f8fb.jpghttps://www.travel.taipei/d_upload_ttn/sceneadmin/image/A0/B0/C0/D859/E327/F315/af6d8e4e-86b5-4ae1-b533-8b8a2e9a5bfb.jpghttps://www.travel.taipei/d_upload_ttn/sceneadmin/image/A0/B0/C2/D105/E224/F409/8cdda691-be67-439d-bfb8-e99af625917e.jpghttps://www.travel.taipei/d_upload_ttn/sceneadmin/image/A0/B0/C0/D813/E760/F969/5bc6499a-c23b-4fbf-a466-503b25fff531.jpghttps://www.travel.taipei/d_upload_ttn/sceneadmin/image/A0/B0/C1/D24/E206/F552/dadbf628-fa12-4e98-bced-20315c830059.jpghttps://www.travel.taipei/d_upload_ttn/sceneadmin/image/A0/B0/C0/D533/E613/F695/256e8ce5-3caa-4bf5-87c7-dca1fd6bc3ac.jpghttps://www.travel.taipei/d_upload_ttn/sceneadmin/image/A0/B0/C0/D280/E138/F932/8d7cb605-ac91-4f44-bda6-57518db7ad10.jpghttps://www.travel.taipei/d_upload_ttn/sceneadmin/image/A0/B0/C0/D875/E723/F366/c45fbda2-34fd-4d1b-9a5a-20274908f866.jpghttps://www.travel.taipei/streams/scenery_file_audio/c29.mp3","
","自來水博物館,  中正區,121.530106,25.012652,https://www.travel.taipei/d_upload_ttn/sceneadmin/image/A0/B0/C0/D346/E920/F1/050967e9-15b8-4ff5-89ca-ad4a4d6186a7.jpghttps://www.travel.taipei/d_upload_ttn/sceneadmin/image/A0/B0/C0/D55/E786/F407/e5c733d0-c433-42d8-9c6b-2b1aa72b8c0c.jpghttps://www.travel.taipei/d_upload_ttn/sceneadmin/image/A0/B0/C1/D459/E757/F191/61527614-b181-403d-9d35-cc0330fb0a20.jpghttps://www.travel.taipei/d_upload_ttn/sceneadmin/image/A0/B0/C2/D22/E109/F795/4c3e256c-2f23-4651-af28-7328b13f3f09.jpghttps://www.travel.taipei/d_upload_ttn/sceneadmin/image/A0/B0/C1/D652/E785/F926/f615b417-0571-45e5-8a97-ed3d3d77e589.jpghttps://www.travel.taipei/d_upload_ttn/sceneadmin/image/A0/B0/C0/D126/E435/F239/f9017215-be71-4b0c-b81e-410b105414a6.jpghttps://www.travel.taipei/d_upload_ttn/sceneadmin/image/A0/B0/C1/D294/E667/F639/7208a347-0822-46c3-a409-f820be1293ea.jpghttps://www.travel.taipei/d_upload_ttn/sceneadmin/image/A0/B0/C0/D711/E681/F249/86e32058-5386-4148-8115-a6be9508b5d3.jpghttps://www.travel.taipei/streams/video/DISC2-4.flv","
","華中河濱公園,  萬華區,121.494840,25.015403,https://www.travel.taipei/d_upload_ttn/sceneadmin/image/A0/B0/C0/D0/E197/F323/522aa425-345c-4ac4-96b8-b21a33f165ca.JPGhttps://www.travel.taipei/d_upload_ttn/sceneadmin/image/A0/B0/C0/D0/E197/F321/c0db5455-2538-44ac-922a-518e4215f072.JPGhttps://www.travel.taipei/d_upload_ttn/sceneadmin/image/A0/B0/C0/D0/E197/F324/ecf61f88-92ed-49ad-8a40-4bdc00dff585.JPGhttps://www.travel.taipei/d_upload_ttn/sceneadmin/image/A0/B0/C0/D0/E197/F325/59bd3a58-0d88-43a7-9a9e-72fd88734275.JPGhttps://www.travel.taipei/d_upload_ttn/sceneadmin/image/A0/B0/C0/D0/E197/F326/5e2be319-957c-4eff-bf29-a2a71c931260.JPGhttps://www.travel.taipei/d_upload_ttn/sceneadmin/image/A0/B0/C0/D9/E766/F606/8e98d96f-0666-4e4d-a824-3049a82025e1.JPGhttps://www.travel.taipei/d_upload_ttn/sceneadmin/image/A0/B0/C0/D6/E266/F417/01f9c74a-b87a-4a91-9070-3d9310de8843.JPGhttps://www.travel.taipei/d_upload_ttn/sceneadmin/image/A0/B0/C0/D9/E366/F347/b49bae58-e9b5-42b4-a210-11da279654ce.JPG","
"
